csd_uid,sgc,name,area_type,year,population
5923008,23008,Port Alberni,CY,2011,17978
5923008,23008,Port Alberni,CY,2012,17882
5923008,23008,Port Alberni,CY,2013,17725
5923008,23008,Port Alberni,CY,2014,17712
5923008,23008,Port Alberni,CY,2015,17950
5923008,23008,Port Alberni,CY,2016,18284
5923008,23008,Port Alberni,CY,2017,18347
5923008,23008,Port Alberni,CY,2018,18523
5923008,23008,Port Alberni,CY,2019,18629
5923008,23008,Port Alberni,CY,2020,18767
5923008,23008,Port Alberni,CY,2021,18938
5923008,23008,Port Alberni,CY,2022,19287
5923008,23008,Port Alberni,CY,2023,19418
5923008,23008,Port Alberni,CY,2024,19526
5923008,23008,Port Alberni,CY,2025,19671
5923025,23025,Tofino,DM,2011,1947
5923025,23025,Tofino,DM,2012,1972
5923025,23025,Tofino,DM,2013,1978
5923025,23025,Tofino,DM,2014,2046
5923025,23025,Tofino,DM,2015,2063
5923025,23025,Tofino,DM,2016,2080
5923025,23025,Tofino,DM,2017,2210
5923025,23025,Tofino,DM,2018,2321
5923025,23025,Tofino,DM,2019,2519
5923025,23025,Tofino,DM,2020,2619
5923025,23025,Tofino,DM,2021,2664
5923025,23025,Tofino,DM,2022,2716
5923025,23025,Tofino,DM,2023,2734
5923025,23025,Tofino,DM,2024,2754
5923025,23025,Tofino,DM,2025,2772
5923019,23019,Ucluelet,DM,2011,1672
5923019,23019,Ucluelet,DM,2012,1642
5923019,23019,Ucluelet,DM,2013,1697
5923019,23019,Ucluelet,DM,2014,1649
5923019,23019,Ucluelet,DM,2015,1701
5923019,23019,Ucluelet,DM,2016,1808
5923019,23019,Ucluelet,DM,2017,1920
5923019,23019,Ucluelet,DM,2018,1881
5923019,23019,Ucluelet,DM,2019,1941
5923019,23019,Ucluelet,DM,2020,2060
5923019,23019,Ucluelet,DM,2021,2179
5923019,23019,Ucluelet,DM,2022,2198
5923019,23019,Ucluelet,DM,2023,2265
5923019,23019,Ucluelet,DM,2024,2372
5923019,23019,Ucluelet,DM,2025,2452
5951022,51022,Burns Lake,VL,2011,2068
5951022,51022,Burns Lake,VL,2012,2028
5951022,51022,Burns Lake,VL,2013,1982
5951022,51022,Burns Lake,VL,2014,1941
5951022,51022,Burns Lake,VL,2015,1888
5951022,51022,Burns Lake,VL,2016,1859
5951022,51022,Burns Lake,VL,2017,1874
5951022,51022,Burns Lake,VL,2018,1908
5951022,51022,Burns Lake,VL,2019,1949
5951022,51022,Burns Lake,VL,2020,1974
5951022,51022,Burns Lake,VL,2021,2004
5951022,51022,Burns Lake,VL,2022,2010
5951022,51022,Burns Lake,VL,2023,2015
5951022,51022,Burns Lake,VL,2024,2013
5951022,51022,Burns Lake,VL,2025,2007
5951013,51013,Fort St. James,DM,2011,1723
5951013,51013,Fort St. James,DM,2012,1702
5951013,51013,Fort St. James,DM,2013,1666
5951013,51013,Fort St. James,DM,2014,1719
5951013,51013,Fort St. James,DM,2015,1702
5951013,51013,Fort St. James,DM,2016,1647
5951013,51013,Fort St. James,DM,2017,1655
5951013,51013,Fort St. James,DM,2018,1653
5951013,51013,Fort St. James,DM,2019,1617
5951013,51013,Fort St. James,DM,2020,1506
5951013,51013,Fort St. James,DM,2021,1437
5951013,51013,Fort St. James,DM,2022,1455
5951013,51013,Fort St. James,DM,2023,1379
5951013,51013,Fort St. James,DM,2024,1470
5951013,51013,Fort St. James,DM,2025,1542
5951009,51009,Fraser Lake,VL,2011,1188
5951009,51009,Fraser Lake,VL,2012,1150
5951009,51009,Fraser Lake,VL,2013,1153
5951009,51009,Fraser Lake,VL,2014,1121
5951009,51009,Fraser Lake,VL,2015,1088
5951009,51009,Fraser Lake,VL,2016,1023
5951009,51009,Fraser Lake,VL,2017,1028
5951009,51009,Fraser Lake,VL,2018,995
5951009,51009,Fraser Lake,VL,2019,970
5951009,51009,Fraser Lake,VL,2020,975
5951009,51009,Fraser Lake,VL,2021,1008
5951009,51009,Fraser Lake,VL,2022,947
5951009,51009,Fraser Lake,VL,2023,981
5951009,51009,Fraser Lake,VL,2024,957
5951009,51009,Fraser Lake,VL,2025,942
5951032,51032,Granisle,VL,2011,301
5951032,51032,Granisle,VL,2012,288
5951032,51032,Granisle,VL,2013,287
5951032,51032,Granisle,VL,2014,306
5951032,51032,Granisle,VL,2015,306
5951032,51032,Granisle,VL,2016,309
5951032,51032,Granisle,VL,2017,314
5951032,51032,Granisle,VL,2018,322
5951032,51032,Granisle,VL,2019,331
5951032,51032,Granisle,VL,2020,338
5951032,51032,Granisle,VL,2021,345
5951032,51032,Granisle,VL,2022,346
5951032,51032,Granisle,VL,2023,332
5951032,51032,Granisle,VL,2024,360
5951032,51032,Granisle,VL,2025,357
5951034,51034,Houston,DM,2011,3192
5951034,51034,Houston,DM,2012,3190
5951034,51034,Houston,DM,2013,3184
5951034,51034,Houston,DM,2014,3241
5951034,51034,Houston,DM,2015,3126
5951034,51034,Houston,DM,2016,3112
5951034,51034,Houston,DM,2017,3099
5951034,51034,Houston,DM,2018,3112
5951034,51034,Houston,DM,2019,3131
5951034,51034,Houston,DM,2020,3179
5951034,51034,Houston,DM,2021,3181
5951034,51034,Houston,DM,2022,3185
5951034,51034,Houston,DM,2023,3197
5951034,51034,Houston,DM,2024,3154
5951034,51034,Houston,DM,2025,3114
5951043,51043,Smithers,T,2011,5501
5951043,51043,Smithers,T,2012,5550
5951043,51043,Smithers,T,2013,5551
5951043,51043,Smithers,T,2014,5565
5951043,51043,Smithers,T,2015,5574
5951043,51043,Smithers,T,2016,5622
5951043,51043,Smithers,T,2017,5579
5951043,51043,Smithers,T,2018,5599
5951043,51043,Smithers,T,2019,5624
5951043,51043,Smithers,T,2020,5623
5951043,51043,Smithers,T,2021,5620
5951043,51043,Smithers,T,2022,5617
5951043,51043,Smithers,T,2023,5645
5951043,51043,Smithers,T,2024,5637
5951043,51043,Smithers,T,2025,5627
5951038,51038,Telkwa,VL,2011,1387
5951038,51038,Telkwa,VL,2012,1369
5951038,51038,Telkwa,VL,2013,1384
5951038,51038,Telkwa,VL,2014,1350
5951038,51038,Telkwa,VL,2015,1361
5951038,51038,Telkwa,VL,2016,1393
5951038,51038,Telkwa,VL,2017,1433
5951038,51038,Telkwa,VL,2018,1460
5951038,51038,Telkwa,VL,2019,1483
5951038,51038,Telkwa,VL,2020,1518
5951038,51038,Telkwa,VL,2021,1543
5951038,51038,Telkwa,VL,2022,1546
5951038,51038,Telkwa,VL,2023,1551
5951038,51038,Telkwa,VL,2024,1549
5951038,51038,Telkwa,VL,2025,1544
5951007,51007,Vanderhoof,DM,2011,4569
5951007,51007,Vanderhoof,DM,2012,4574
5951007,51007,Vanderhoof,DM,2013,4587
5951007,51007,Vanderhoof,DM,2014,4594
5951007,51007,Vanderhoof,DM,2015,4595
5951007,51007,Vanderhoof,DM,2016,4630
5951007,51007,Vanderhoof,DM,2017,4575
5951007,51007,Vanderhoof,DM,2018,4547
5951007,51007,Vanderhoof,DM,2019,4573
5951007,51007,Vanderhoof,DM,2020,4531
5951007,51007,Vanderhoof,DM,2021,4537
5951007,51007,Vanderhoof,DM,2022,4549
5951007,51007,Vanderhoof,DM,2023,4563
5951007,51007,Vanderhoof,DM,2024,4553
5951007,51007,Vanderhoof,DM,2025,4545
5917015,17015,Central Saanich,DM,2011,16155
5917015,17015,Central Saanich,DM,2012,16368
5917015,17015,Central Saanich,DM,2013,16513
5917015,17015,Central Saanich,DM,2014,16709
5917015,17015,Central Saanich,DM,2015,16942
5917015,17015,Central Saanich,DM,2016,17457
5917015,17015,Central Saanich,DM,2017,17626
5917015,17015,Central Saanich,DM,2018,17832
5917015,17015,Central Saanich,DM,2019,17859
5917015,17015,Central Saanich,DM,2020,18014
5917015,17015,Central Saanich,DM,2021,17989
5917015,17015,Central Saanich,DM,2022,18171
5917015,17015,Central Saanich,DM,2023,18125
5917015,17015,Central Saanich,DM,2024,18314
5917015,17015,Central Saanich,DM,2025,18184
5917041,17041,Colwood,CY,2011,16463
5917041,17041,Colwood,CY,2012,16664
5917041,17041,Colwood,CY,2013,16838
5917041,17041,Colwood,CY,2014,16987
5917041,17041,Colwood,CY,2015,17068
5917041,17041,Colwood,CY,2016,17669
5917041,17041,Colwood,CY,2017,17949
5917041,17041,Colwood,CY,2018,18339
5917041,17041,Colwood,CY,2019,18883
5917041,17041,Colwood,CY,2020,19330
5917041,17041,Colwood,CY,2021,19798
5917041,17041,Colwood,CY,2022,20972
5917041,17041,Colwood,CY,2023,21590
5917041,17041,Colwood,CY,2024,22236
5917041,17041,Colwood,CY,2025,22794
5917040,17040,Esquimalt,DM,2011,16616
5917040,17040,Esquimalt,DM,2012,17252
5917040,17040,Esquimalt,DM,2013,17397
5917040,17040,Esquimalt,DM,2014,17762
5917040,17040,Esquimalt,DM,2015,18000
5917040,17040,Esquimalt,DM,2016,18527
5917040,17040,Esquimalt,DM,2017,18382
5917040,17040,Esquimalt,DM,2018,18606
5917040,17040,Esquimalt,DM,2019,18681
5917040,17040,Esquimalt,DM,2020,18515
5917040,17040,Esquimalt,DM,2021,18298
5917040,17040,Esquimalt,DM,2022,18759
5917040,17040,Esquimalt,DM,2023,19072
5917040,17040,Esquimalt,DM,2024,19184
5917040,17040,Esquimalt,DM,2025,19512
5917049,17049,Highlands,DM,2011,2170
5917049,17049,Highlands,DM,2012,2226
5917049,17049,Highlands,DM,2013,2244
5917049,17049,Highlands,DM,2014,2292
5917049,17049,Highlands,DM,2015,2311
5917049,17049,Highlands,DM,2016,2323
5917049,17049,Highlands,DM,2017,2409
5917049,17049,Highlands,DM,2018,2468
5917049,17049,Highlands,DM,2019,2514
5917049,17049,Highlands,DM,2020,2527
5917049,17049,Highlands,DM,2021,2581
5917049,17049,Highlands,DM,2022,2691
5917049,17049,Highlands,DM,2023,2713
5917049,17049,Highlands,DM,2024,2746
5917049,17049,Highlands,DM,2025,2753
5917044,17044,Langford,CY,2011,30183
5917044,17044,Langford,CY,2012,31733
5917044,17044,Langford,CY,2013,33173
5917044,17044,Langford,CY,2014,34320
5917044,17044,Langford,CY,2015,35618
5917044,17044,Langford,CY,2016,37313
5917044,17044,Langford,CY,2017,39577
5917044,17044,Langford,CY,2018,41639
5917044,17044,Langford,CY,2019,43502
5917044,17044,Langford,CY,2020,46333
5917044,17044,Langford,CY,2021,49199
5917044,17044,Langford,CY,2022,52484
5917044,17044,Langford,CY,2023,54732
5917044,17044,Langford,CY,2024,57567
5917044,17044,Langford,CY,2025,59664
5917042,17042,Metchosin,DM,2011,4866
5917042,17042,Metchosin,DM,2012,4928
5917042,17042,Metchosin,DM,2013,4927
5917042,17042,Metchosin,DM,2014,4890
5917042,17042,Metchosin,DM,2015,4840
5917042,17042,Metchosin,DM,2016,4901
5917042,17042,Metchosin,DM,2017,5031
5917042,17042,Metchosin,DM,2018,5196
5917042,17042,Metchosin,DM,2019,5229
5917042,17042,Metchosin,DM,2020,5203
5917042,17042,Metchosin,DM,2021,5252
5917042,17042,Metchosin,DM,2022,5329
5917042,17042,Metchosin,DM,2023,5309
5917042,17042,Metchosin,DM,2024,5336
5917042,17042,Metchosin,DM,2025,5207
5917005,17005,North Saanich,DM,2011,11211
5917005,17005,North Saanich,DM,2012,11287
5917005,17005,North Saanich,DM,2013,11365
5917005,17005,North Saanich,DM,2014,11414
5917005,17005,North Saanich,DM,2015,11396
5917005,17005,North Saanich,DM,2016,11616
5917005,17005,North Saanich,DM,2017,11678
5917005,17005,North Saanich,DM,2018,11860
5917005,17005,North Saanich,DM,2019,12041
5917005,17005,North Saanich,DM,2020,12248
5917005,17005,North Saanich,DM,2021,12623
5917005,17005,North Saanich,DM,2022,13045
5917005,17005,North Saanich,DM,2023,13209
5917005,17005,North Saanich,DM,2024,13253
5917005,17005,North Saanich,DM,2025,12986
5917030,17030,Oak Bay,DM,2011,18180
5917030,17030,Oak Bay,DM,2012,18394
5917030,17030,Oak Bay,DM,2013,18580
5917030,17030,Oak Bay,DM,2014,18648
5917030,17030,Oak Bay,DM,2015,18411
5917030,17030,Oak Bay,DM,2016,18654
5917030,17030,Oak Bay,DM,2017,18382
5917030,17030,Oak Bay,DM,2018,18405
5917030,17030,Oak Bay,DM,2019,18359
5917030,17030,Oak Bay,DM,2020,18465
5917030,17030,Oak Bay,DM,2021,18533
5917030,17030,Oak Bay,DM,2022,18815
5917030,17030,Oak Bay,DM,2023,18736
5917030,17030,Oak Bay,DM,2024,18777
5917030,17030,Oak Bay,DM,2025,18626
5917021,17021,Saanich,DM,2011,112014
5917021,17021,Saanich,DM,2012,113278
5917021,17021,Saanich,DM,2013,115057
5917021,17021,Saanich,DM,2014,116064
5917021,17021,Saanich,DM,2015,116881
5917021,17021,Saanich,DM,2016,119209
5917021,17021,Saanich,DM,2017,119841
5917021,17021,Saanich,DM,2018,120312
5917021,17021,Saanich,DM,2019,121795
5917021,17021,Saanich,DM,2020,122584
5917021,17021,Saanich,DM,2021,122889
5917021,17021,Saanich,DM,2022,124028
5917021,17021,Saanich,DM,2023,124465
5917021,17021,Saanich,DM,2024,126219
5917021,17021,Saanich,DM,2025,126011
5917010,17010,Sidney,T,2011,11268
5917010,17010,Sidney,T,2012,11428
5917010,17010,Sidney,T,2013,11442
5917010,17010,Sidney,T,2014,11611
5917010,17010,Sidney,T,2015,11733
5917010,17010,Sidney,T,2016,12004
5917010,17010,Sidney,T,2017,12193
5917010,17010,Sidney,T,2018,12354
5917010,17010,Sidney,T,2019,12382
5917010,17010,Sidney,T,2020,12531
5917010,17010,Sidney,T,2021,12614
5917010,17010,Sidney,T,2022,13060
5917010,17010,Sidney,T,2023,13197
5917010,17010,Sidney,T,2024,13301
5917010,17010,Sidney,T,2025,13445
5917052,17052,Sooke,DM,2011,11719
5917052,17052,Sooke,DM,2012,12276
5917052,17052,Sooke,DM,2013,12540
5917052,17052,Sooke,DM,2014,12857
5917052,17052,Sooke,DM,2015,13069
5917052,17052,Sooke,DM,2016,13623
5917052,17052,Sooke,DM,2017,14109
5917052,17052,Sooke,DM,2018,14485
5917052,17052,Sooke,DM,2019,14803
5917052,17052,Sooke,DM,2020,15236
5917052,17052,Sooke,DM,2021,15712
5917052,17052,Sooke,DM,2022,16432
5917052,17052,Sooke,DM,2023,16815
5917052,17052,Sooke,DM,2024,17145
5917052,17052,Sooke,DM,2025,17248
5917034,17034,Victoria,CY,2011,82464
5917034,17034,Victoria,CY,2012,83422
5917034,17034,Victoria,CY,2013,85139
5917034,17034,Victoria,CY,2014,86573
5917034,17034,Victoria,CY,2015,88248
5917034,17034,Victoria,CY,2016,90236
5917034,17034,Victoria,CY,2017,91802
5917034,17034,Victoria,CY,2018,93668
5917034,17034,Victoria,CY,2019,95789
5917034,17034,Victoria,CY,2020,96399
5917034,17034,Victoria,CY,2021,96277
5917034,17034,Victoria,CY,2022,98540
5917034,17034,Victoria,CY,2023,100558
5917034,17034,Victoria,CY,2024,103077
5917034,17034,Victoria,CY,2025,103888
5917047,17047,View Royal,T,2011,9582
5917047,17047,View Royal,T,2012,9871
5917047,17047,View Royal,T,2013,10056
5917047,17047,View Royal,T,2014,10577
5917047,17047,View Royal,T,2015,10663
5917047,17047,View Royal,T,2016,10870
5917047,17047,View Royal,T,2017,11185
5917047,17047,View Royal,T,2018,11327
5917047,17047,View Royal,T,2019,11607
5917047,17047,View Royal,T,2020,11885
5917047,17047,View Royal,T,2021,12062
5917047,17047,View Royal,T,2022,12443
5917047,17047,View Royal,T,2023,12481
5917047,17047,View Royal,T,2024,12678
5917047,17047,View Royal,T,2025,12795
5941005,41005,100 Mile House,DM,2011,1918
5941005,41005,100 Mile House,DM,2012,1922
5941005,41005,100 Mile House,DM,2013,1936
5941005,41005,100 Mile House,DM,2014,1958
5941005,41005,100 Mile House,DM,2015,1971
5941005,41005,100 Mile House,DM,2016,1983
5941005,41005,100 Mile House,DM,2017,1988
5941005,41005,100 Mile House,DM,2018,1999
5941005,41005,100 Mile House,DM,2019,2000
5941005,41005,100 Mile House,DM,2020,1987
5941005,41005,100 Mile House,DM,2021,1993
5941005,41005,100 Mile House,DM,2022,2003
5941005,41005,100 Mile House,DM,2023,2013
5941005,41005,100 Mile House,DM,2024,2022
5941005,41005,100 Mile House,DM,2025,2030
5941013,41013,Quesnel,CY,2011,10212
5941013,41013,Quesnel,CY,2012,10150
5941013,41013,Quesnel,CY,2013,10131
5941013,41013,Quesnel,CY,2014,10047
5941013,41013,Quesnel,CY,2015,10102
5941013,41013,Quesnel,CY,2016,10294
5941013,41013,Quesnel,CY,2017,10275
5941013,41013,Quesnel,CY,2018,10358
5941013,41013,Quesnel,CY,2019,10394
5941013,41013,Quesnel,CY,2020,10352
5941013,41013,Quesnel,CY,2021,10265
5941013,41013,Quesnel,CY,2022,10085
5941013,41013,Quesnel,CY,2023,10160
5941013,41013,Quesnel,CY,2024,10251
5941013,41013,Quesnel,CY,2025,10253
5941025,41025,Wells,DM,2011,247
5941025,41025,Wells,DM,2012,241
5941025,41025,Wells,DM,2013,237
5941025,41025,Wells,DM,2014,233
5941025,41025,Wells,DM,2015,228
5941025,41025,Wells,DM,2016,227
5941025,41025,Wells,DM,2017,227
5941025,41025,Wells,DM,2018,228
5941025,41025,Wells,DM,2019,228
5941025,41025,Wells,DM,2020,227
5941025,41025,Wells,DM,2021,227
5941025,41025,Wells,DM,2022,228
5941025,41025,Wells,DM,2023,229
5941025,41025,Wells,DM,2024,230
5941025,41025,Wells,DM,2025,231
5941009,41009,Williams Lake,CY,2011,11027
5941009,41009,Williams Lake,CY,2012,11100
5941009,41009,Williams Lake,CY,2013,11119
5941009,41009,Williams Lake,CY,2014,11257
5941009,41009,Williams Lake,CY,2015,11236
5941009,41009,Williams Lake,CY,2016,11176
5941009,41009,Williams Lake,CY,2017,11141
5941009,41009,Williams Lake,CY,2018,11284
5941009,41009,Williams Lake,CY,2019,11385
5941009,41009,Williams Lake,CY,2020,11323
5941009,41009,Williams Lake,CY,2021,11437
5941009,41009,Williams Lake,CY,2022,11325
5941009,41009,Williams Lake,CY,2023,11427
5941009,41009,Williams Lake,CY,2024,11342
5941009,41009,Williams Lake,CY,2025,11462
5903045,03045,Castlegar,CY,2011,7974
5903045,03045,Castlegar,CY,2012,7901
5903045,03045,Castlegar,CY,2013,7891
5903045,03045,Castlegar,CY,2014,8053
5903045,03045,Castlegar,CY,2015,8214
5903045,03045,Castlegar,CY,2016,8361
5903045,03045,Castlegar,CY,2017,8382
5903045,03045,Castlegar,CY,2018,8487
5903045,03045,Castlegar,CY,2019,8592
5903045,03045,Castlegar,CY,2020,8603
5903045,03045,Castlegar,CY,2021,8661
5903045,03045,Castlegar,CY,2022,8922
5903045,03045,Castlegar,CY,2023,9004
5903045,03045,Castlegar,CY,2024,9230
5903045,03045,Castlegar,CY,2025,9465
5903004,03004,Creston,T,2011,5359
5903004,03004,Creston,T,2012,5340
5903004,03004,Creston,T,2013,5290
5903004,03004,Creston,T,2014,5352
5903004,03004,Creston,T,2015,5407
5903004,03004,Creston,T,2016,5528
5903004,03004,Creston,T,2017,5578
5903004,03004,Creston,T,2018,5623
5903004,03004,Creston,T,2019,5649
5903004,03004,Creston,T,2020,5713
5903004,03004,Creston,T,2021,5733
5903004,03004,Creston,T,2022,5873
5903004,03004,Creston,T,2023,6002
5903004,03004,Creston,T,2024,6054
5903004,03004,Creston,T,2025,5976
5903023,03023,Kaslo,VL,2011,1040
5903023,03023,Kaslo,VL,2012,1025
5903023,03023,Kaslo,VL,2013,1011
5903023,03023,Kaslo,VL,2014,1005
5903023,03023,Kaslo,VL,2015,999
5903023,03023,Kaslo,VL,2016,999
5903023,03023,Kaslo,VL,2017,1015
5903023,03023,Kaslo,VL,2018,1033
5903023,03023,Kaslo,VL,2019,1049
5903023,03023,Kaslo,VL,2020,1064
5903023,03023,Kaslo,VL,2021,1077
5903023,03023,Kaslo,VL,2022,1096
5903023,03023,Kaslo,VL,2023,1118
5903023,03023,Kaslo,VL,2024,1136
5903023,03023,Kaslo,VL,2025,1141
5903050,03050,Nakusp,VL,2011,1586
5903050,03050,Nakusp,VL,2012,1583
5903050,03050,Nakusp,VL,2013,1580
5903050,03050,Nakusp,VL,2014,1595
5903050,03050,Nakusp,VL,2015,1619
5903050,03050,Nakusp,VL,2016,1637
5903050,03050,Nakusp,VL,2017,1698
5903050,03050,Nakusp,VL,2018,1692
5903050,03050,Nakusp,VL,2019,1717
5903050,03050,Nakusp,VL,2020,1657
5903050,03050,Nakusp,VL,2021,1640
5903050,03050,Nakusp,VL,2022,1667
5903050,03050,Nakusp,VL,2023,1702
5903050,03050,Nakusp,VL,2024,1730
5903050,03050,Nakusp,VL,2025,1740
5903015,03015,Nelson,CY,2011,10420
5903015,03015,Nelson,CY,2012,10398
5903015,03015,Nelson,CY,2013,10551
5903015,03015,Nelson,CY,2014,10575
5903015,03015,Nelson,CY,2015,10826
5903015,03015,Nelson,CY,2016,10989
5903015,03015,Nelson,CY,2017,11097
5903015,03015,Nelson,CY,2018,11303
5903015,03015,Nelson,CY,2019,11508
5903015,03015,Nelson,CY,2020,11537
5903015,03015,Nelson,CY,2021,11586
5903015,03015,Nelson,CY,2022,11585
5903015,03015,Nelson,CY,2023,11914
5903015,03015,Nelson,CY,2024,12110
5903015,03015,Nelson,CY,2025,12126
5903032,03032,New Denver,VL,2011,505
5903032,03032,New Denver,VL,2012,496
5903032,03032,New Denver,VL,2013,487
5903032,03032,New Denver,VL,2014,484
5903032,03032,New Denver,VL,2015,483
5903032,03032,New Denver,VL,2016,483
5903032,03032,New Denver,VL,2017,486
5903032,03032,New Denver,VL,2018,490
5903032,03032,New Denver,VL,2019,492
5903032,03032,New Denver,VL,2020,494
5903032,03032,New Denver,VL,2021,496
5903032,03032,New Denver,VL,2022,506
5903032,03032,New Denver,VL,2023,516
5903032,03032,New Denver,VL,2024,524
5903032,03032,New Denver,VL,2025,527
5903011,03011,Salmo,VL,2011,1168
5903011,03011,Salmo,VL,2012,1171
5903011,03011,Salmo,VL,2013,1151
5903011,03011,Salmo,VL,2014,1242
5903011,03011,Salmo,VL,2015,1158
5903011,03011,Salmo,VL,2016,1174
5903011,03011,Salmo,VL,2017,1203
5903011,03011,Salmo,VL,2018,1153
5903011,03011,Salmo,VL,2019,1193
5903011,03011,Salmo,VL,2020,1213
5903011,03011,Salmo,VL,2021,1171
5903011,03011,Salmo,VL,2022,1238
5903011,03011,Salmo,VL,2023,1253
5903011,03011,Salmo,VL,2024,1300
5903011,03011,Salmo,VL,2025,1310
5903027,03027,Silverton,VL,2011,196
5903027,03027,Silverton,VL,2012,195
5903027,03027,Silverton,VL,2013,195
5903027,03027,Silverton,VL,2014,195
5903027,03027,Silverton,VL,2015,197
5903027,03027,Silverton,VL,2016,198
5903027,03027,Silverton,VL,2017,196
5903027,03027,Silverton,VL,2018,194
5903027,03027,Silverton,VL,2019,191
5903027,03027,Silverton,VL,2020,188
5903027,03027,Silverton,VL,2021,185
5903027,03027,Silverton,VL,2022,188
5903027,03027,Silverton,VL,2023,192
5903027,03027,Silverton,VL,2024,195
5903027,03027,Silverton,VL,2025,196
5903019,03019,Slocan,VL,2011,300
5903019,03019,Slocan,VL,2012,299
5903019,03019,Slocan,VL,2013,299
5903019,03019,Slocan,VL,2014,299
5903019,03019,Slocan,VL,2015,300
5903019,03019,Slocan,VL,2016,302
5903019,03019,Slocan,VL,2017,319
5903019,03019,Slocan,VL,2018,339
5903019,03019,Slocan,VL,2019,357
5903019,03019,Slocan,VL,2020,375
5903019,03019,Slocan,VL,2021,391
5903019,03019,Slocan,VL,2022,449
5903019,03019,Slocan,VL,2023,464
5903019,03019,Slocan,VL,2024,492
5903019,03019,Slocan,VL,2025,488
5935010,35010,Kelowna,CY,2011,120013
5935010,35010,Kelowna,CY,2012,121824
5935010,35010,Kelowna,CY,2013,123677
5935010,35010,Kelowna,CY,2014,126400
5935010,35010,Kelowna,CY,2015,129504
5935010,35010,Kelowna,CY,2016,133381
5935010,35010,Kelowna,CY,2017,136388
5935010,35010,Kelowna,CY,2018,140289
5935010,35010,Kelowna,CY,2019,144178
5935010,35010,Kelowna,CY,2020,147826
5935010,35010,Kelowna,CY,2021,151516
5935010,35010,Kelowna,CY,2022,155921
5935010,35010,Kelowna,CY,2023,160320
5935010,35010,Kelowna,CY,2024,164947
5935010,35010,Kelowna,CY,2025,167654
5935016,35016,Lake Country,DM,2011,11972
5935016,35016,Lake Country,DM,2012,12248
5935016,35016,Lake Country,DM,2013,12346
5935016,35016,Lake Country,DM,2014,12747
5935016,35016,Lake Country,DM,2015,13066
5935016,35016,Lake Country,DM,2016,13548
5935016,35016,Lake Country,DM,2017,14224
5935016,35016,Lake Country,DM,2018,14913
5935016,35016,Lake Country,DM,2019,15398
5935016,35016,Lake Country,DM,2020,15924
5935016,35016,Lake Country,DM,2021,16513
5935016,35016,Lake Country,DM,2022,17125
5935016,35016,Lake Country,DM,2023,17396
5935016,35016,Lake Country,DM,2024,17563
5935016,35016,Lake Country,DM,2025,17637
5935018,35018,Peachland,DM,2011,5271
5935018,35018,Peachland,DM,2012,5179
5935018,35018,Peachland,DM,2013,5236
5935018,35018,Peachland,DM,2014,5333
5935018,35018,Peachland,DM,2015,5505
5935018,35018,Peachland,DM,2016,5599
5935018,35018,Peachland,DM,2017,5605
5935018,35018,Peachland,DM,2018,5648
5935018,35018,Peachland,DM,2019,5695
5935018,35018,Peachland,DM,2020,5840
5935018,35018,Peachland,DM,2021,5953
5935018,35018,Peachland,DM,2022,6103
5935018,35018,Peachland,DM,2023,6145
5935018,35018,Peachland,DM,2024,6173
5935018,35018,Peachland,DM,2025,6302
5935029,35029,West Kelowna,CY,2011,31466
5935029,35029,West Kelowna,CY,2012,31791
5935029,35029,West Kelowna,CY,2013,32347
5935029,35029,West Kelowna,CY,2014,32776
5935029,35029,West Kelowna,CY,2015,33357
5935029,35029,West Kelowna,CY,2016,34040
5935029,35029,West Kelowna,CY,2017,34697
5935029,35029,West Kelowna,CY,2018,35404
5935029,35029,West Kelowna,CY,2019,35961
5935029,35029,West Kelowna,CY,2020,36794
5935029,35029,West Kelowna,CY,2021,37568
5935029,35029,West Kelowna,CY,2022,39048
5935029,35029,West Kelowna,CY,2023,39873
5935029,35029,West Kelowna,CY,2024,40279
5935029,35029,West Kelowna,CY,2025,40274
5939007,39007,Golden,T,2011,3796
5939007,39007,Golden,T,2012,3774
5939007,39007,Golden,T,2013,3784
5939007,39007,Golden,T,2014,3772
5939007,39007,Golden,T,2015,3823
5939007,39007,Golden,T,2016,3882
5939007,39007,Golden,T,2017,3946
5939007,39007,Golden,T,2018,4004
5939007,39007,Golden,T,2019,4071
5939007,39007,Golden,T,2020,4116
5939007,39007,Golden,T,2021,4187
5939007,39007,Golden,T,2022,4296
5939007,39007,Golden,T,2023,4390
5939007,39007,Golden,T,2024,4431
5939007,39007,Golden,T,2025,4433
5939019,39019,Revelstoke,CY,2011,7328
5939019,39019,Revelstoke,CY,2012,7332
5939019,39019,Revelstoke,CY,2013,7416
5939019,39019,Revelstoke,CY,2014,7494
5939019,39019,Revelstoke,CY,2015,7630
5939019,39019,Revelstoke,CY,2016,7953
5939019,39019,Revelstoke,CY,2017,8066
5939019,39019,Revelstoke,CY,2018,8233
5939019,39019,Revelstoke,CY,2019,8598
5939019,39019,Revelstoke,CY,2020,8680
5939019,39019,Revelstoke,CY,2021,8696
5939019,39019,Revelstoke,CY,2022,8704
5939019,39019,Revelstoke,CY,2023,8889
5939019,39019,Revelstoke,CY,2024,9358
5939019,39019,Revelstoke,CY,2025,9464
5939032,39032,Salmon Arm,CY,2011,17660
5939032,39032,Salmon Arm,CY,2012,17558
5939032,39032,Salmon Arm,CY,2013,17587
5939032,39032,Salmon Arm,CY,2014,17718
5939032,39032,Salmon Arm,CY,2015,17936
5939032,39032,Salmon Arm,CY,2016,18319
5939032,39032,Salmon Arm,CY,2017,18849
5939032,39032,Salmon Arm,CY,2018,19114
5939032,39032,Salmon Arm,CY,2019,19365
5939032,39032,Salmon Arm,CY,2020,19644
5939032,39032,Salmon Arm,CY,2021,20081
5939032,39032,Salmon Arm,CY,2022,20641
5939032,39032,Salmon Arm,CY,2023,20787
5939032,39032,Salmon Arm,CY,2024,20825
5939032,39032,Salmon Arm,CY,2025,20891
5939045,39045,Sicamous,DM,2011,2467
5939045,39045,Sicamous,DM,2012,2449
5939045,39045,Sicamous,DM,2013,2452
5939045,39045,Sicamous,DM,2014,2443
5939045,39045,Sicamous,DM,2015,2470
5939045,39045,Sicamous,DM,2016,2509
5939045,39045,Sicamous,DM,2017,2555
5939045,39045,Sicamous,DM,2018,2601
5939045,39045,Sicamous,DM,2019,2718
5939045,39045,Sicamous,DM,2020,2658
5939045,39045,Sicamous,DM,2021,2695
5939045,39045,Sicamous,DM,2022,2765
5939045,39045,Sicamous,DM,2023,2825
5939045,39045,Sicamous,DM,2024,2852
5939045,39045,Sicamous,DM,2025,2854
5926005,26005,Comox,T,2011,13806
5926005,26005,Comox,T,2012,14114
5926005,26005,Comox,T,2013,14196
5926005,26005,Comox,T,2014,14177
5926005,26005,Comox,T,2015,14287
5926005,26005,Comox,T,2016,14476
5926005,26005,Comox,T,2017,14674
5926005,26005,Comox,T,2018,14856
5926005,26005,Comox,T,2019,15017
5926005,26005,Comox,T,2020,15164
5926005,26005,Comox,T,2021,15265
5926005,26005,Comox,T,2022,15388
5926005,26005,Comox,T,2023,15689
5926005,26005,Comox,T,2024,15917
5926005,26005,Comox,T,2025,15884
5926010,26010,Courtenay,CY,2011,24662
5926010,26010,Courtenay,CY,2012,24589
5926010,26010,Courtenay,CY,2013,24808
5926010,26010,Courtenay,CY,2014,25276
5926010,26010,Courtenay,CY,2015,26074
5926010,26010,Courtenay,CY,2016,26594
5926010,26010,Courtenay,CY,2017,27135
5926010,26010,Courtenay,CY,2018,27818
5926010,26010,Courtenay,CY,2019,28436
5926010,26010,Courtenay,CY,2020,28907
5926010,26010,Courtenay,CY,2021,29519
5926010,26010,Courtenay,CY,2022,30374
5926010,26010,Courtenay,CY,2023,31136
5926010,26010,Courtenay,CY,2024,32037
5926010,26010,Courtenay,CY,2025,32869
5926014,26014,Cumberland,VL,2011,3492
5926014,26014,Cumberland,VL,2012,3541
5926014,26014,Cumberland,VL,2013,3599
5926014,26014,Cumberland,VL,2014,3668
5926014,26014,Cumberland,VL,2015,3814
5926014,26014,Cumberland,VL,2016,3922
5926014,26014,Cumberland,VL,2017,4065
5926014,26014,Cumberland,VL,2018,4230
5926014,26014,Cumberland,VL,2019,4373
5926014,26014,Cumberland,VL,2020,4548
5926014,26014,Cumberland,VL,2021,4649
5926014,26014,Cumberland,VL,2022,4698
5926014,26014,Cumberland,VL,2023,4813
5926014,26014,Cumberland,VL,2024,4923
5926014,26014,Cumberland,VL,2025,4974
5919012,19012,Duncan,CY,2011,5002
5919012,19012,Duncan,CY,2012,4880
5919012,19012,Duncan,CY,2013,4950
5919012,19012,Duncan,CY,2014,4897
5919012,19012,Duncan,CY,2015,4949
5919012,19012,Duncan,CY,2016,5120
5919012,19012,Duncan,CY,2017,5143
5919012,19012,Duncan,CY,2018,5158
5919012,19012,Duncan,CY,2019,5216
5919012,19012,Duncan,CY,2020,5266
5919012,19012,Duncan,CY,2021,5184
5919012,19012,Duncan,CY,2022,5365
5919012,19012,Duncan,CY,2023,5574
5919012,19012,Duncan,CY,2024,5591
5919012,19012,Duncan,CY,2025,5745
5919021,19021,Ladysmith,T,2011,8019
5919021,19021,Ladysmith,T,2012,8133
5919021,19021,Ladysmith,T,2013,8310
5919021,19021,Ladysmith,T,2014,8498
5919021,19021,Ladysmith,T,2015,8623
5919021,19021,Ladysmith,T,2016,8846
5919021,19021,Ladysmith,T,2017,8954
5919021,19021,Ladysmith,T,2018,8965
5919021,19021,Ladysmith,T,2019,9134
5919021,19021,Ladysmith,T,2020,9163
5919021,19021,Ladysmith,T,2021,9291
5919021,19021,Ladysmith,T,2022,9467
5919021,19021,Ladysmith,T,2023,9614
5919021,19021,Ladysmith,T,2024,9764
5919021,19021,Ladysmith,T,2025,9926
5919016,19016,Lake Cowichan,T,2011,3026
5919016,19016,Lake Cowichan,T,2012,3063
5919016,19016,Lake Cowichan,T,2013,3113
5919016,19016,Lake Cowichan,T,2014,3193
5919016,19016,Lake Cowichan,T,2015,3261
5919016,19016,Lake Cowichan,T,2016,3357
5919016,19016,Lake Cowichan,T,2017,3354
5919016,19016,Lake Cowichan,T,2018,3395
5919016,19016,Lake Cowichan,T,2019,3433
5919016,19016,Lake Cowichan,T,2020,3501
5919016,19016,Lake Cowichan,T,2021,3432
5919016,19016,Lake Cowichan,T,2022,3524
5919016,19016,Lake Cowichan,T,2023,3607
5919016,19016,Lake Cowichan,T,2024,3694
5919016,19016,Lake Cowichan,T,2025,3757
5919008,19008,North Cowichan,DM,2011,29262
5919008,19008,North Cowichan,DM,2012,29358
5919008,19008,North Cowichan,DM,2013,29410
5919008,19008,North Cowichan,DM,2014,29790
5919008,19008,North Cowichan,DM,2015,30093
5919008,19008,North Cowichan,DM,2016,30772
5919008,19008,North Cowichan,DM,2017,31295
5919008,19008,North Cowichan,DM,2018,31912
5919008,19008,North Cowichan,DM,2019,32210
5919008,19008,North Cowichan,DM,2020,32621
5919008,19008,North Cowichan,DM,2021,33087
5919008,19008,North Cowichan,DM,2022,33553
5919008,19008,North Cowichan,DM,2023,33637
5919008,19008,North Cowichan,DM,2024,34196
5919008,19008,North Cowichan,DM,2025,34525
5901043,01043,Canal Flats,VL,2011,727
5901043,01043,Canal Flats,VL,2012,720
5901043,01043,Canal Flats,VL,2013,716
5901043,01043,Canal Flats,VL,2014,712
5901043,01043,Canal Flats,VL,2015,705
5901043,01043,Canal Flats,VL,2016,698
5901043,01043,Canal Flats,VL,2017,722
5901043,01043,Canal Flats,VL,2018,749
5901043,01043,Canal Flats,VL,2019,780
5901043,01043,Canal Flats,VL,2020,804
5901043,01043,Canal Flats,VL,2021,830
5901043,01043,Canal Flats,VL,2022,848
5901043,01043,Canal Flats,VL,2023,868
5901043,01043,Canal Flats,VL,2024,883
5901043,01043,Canal Flats,VL,2025,889
5901022,01022,Cranbrook,CY,2011,19647
5901022,01022,Cranbrook,CY,2012,19877
5901022,01022,Cranbrook,CY,2013,20150
5901022,01022,Cranbrook,CY,2014,20346
5901022,01022,Cranbrook,CY,2015,20580
5901022,01022,Cranbrook,CY,2016,20796
5901022,01022,Cranbrook,CY,2017,20833
5901022,01022,Cranbrook,CY,2018,20976
5901022,01022,Cranbrook,CY,2019,21288
5901022,01022,Cranbrook,CY,2020,21368
5901022,01022,Cranbrook,CY,2021,21417
5901022,01022,Cranbrook,CY,2022,21828
5901022,01022,Cranbrook,CY,2023,22355
5901022,01022,Cranbrook,CY,2024,22623
5901022,01022,Cranbrook,CY,2025,22703
5901003,01003,Elkford,DM,2011,2586
5901003,01003,Elkford,DM,2012,2575
5901003,01003,Elkford,DM,2013,2624
5901003,01003,Elkford,DM,2014,2629
5901003,01003,Elkford,DM,2015,2633
5901003,01003,Elkford,DM,2016,2608
5901003,01003,Elkford,DM,2017,2667
5901003,01003,Elkford,DM,2018,2741
5901003,01003,Elkford,DM,2019,2808
5901003,01003,Elkford,DM,2020,2827
5901003,01003,Elkford,DM,2021,2873
5901003,01003,Elkford,DM,2022,2913
5901003,01003,Elkford,DM,2023,2967
5901003,01003,Elkford,DM,2024,2969
5901003,01003,Elkford,DM,2025,3030
5901012,01012,Fernie,CY,2011,4831
5901012,01012,Fernie,CY,2012,4954
5901012,01012,Fernie,CY,2013,5107
5901012,01012,Fernie,CY,2014,5282
5901012,01012,Fernie,CY,2015,5458
5901012,01012,Fernie,CY,2016,5664
5901012,01012,Fernie,CY,2017,5834
5901012,01012,Fernie,CY,2018,6036
5901012,01012,Fernie,CY,2019,6266
5901012,01012,Fernie,CY,2020,6446
5901012,01012,Fernie,CY,2021,6623
5901012,01012,Fernie,CY,2022,6621
5901012,01012,Fernie,CY,2023,6722
5901012,01012,Fernie,CY,2024,6927
5901012,01012,Fernie,CY,2025,7086
5901039,01039,Invermere,DM,2011,3010
5901039,01039,Invermere,DM,2012,3096
5901039,01039,Invermere,DM,2013,3200
5901039,01039,Invermere,DM,2014,3316
5901039,01039,Invermere,DM,2015,3424
5901039,01039,Invermere,DM,2016,3541
5901039,01039,Invermere,DM,2017,3621
5901039,01039,Invermere,DM,2018,3691
5901039,01039,Invermere,DM,2019,3828
5901039,01039,Invermere,DM,2020,3939
5901039,01039,Invermere,DM,2021,4073
5901039,01039,Invermere,DM,2022,4136
5901039,01039,Invermere,DM,2023,4196
5901039,01039,Invermere,DM,2024,4272
5901039,01039,Invermere,DM,2025,4305
5901028,01028,Kimberley,CY,2011,6778
5901028,01028,Kimberley,CY,2012,6950
5901028,01028,Kimberley,CY,2013,7135
5901028,01028,Kimberley,CY,2014,7352
5901028,01028,Kimberley,CY,2015,7512
5901028,01028,Kimberley,CY,2016,7733
5901028,01028,Kimberley,CY,2017,7800
5901028,01028,Kimberley,CY,2018,8001
5901028,01028,Kimberley,CY,2019,8091
5901028,01028,Kimberley,CY,2020,8246
5901028,01028,Kimberley,CY,2021,8422
5901028,01028,Kimberley,CY,2022,8631
5901028,01028,Kimberley,CY,2023,8794
5901028,01028,Kimberley,CY,2024,8938
5901028,01028,Kimberley,CY,2025,9037
5901040,01040,Radium Hot Springs,VL,2011,783
5901040,01040,Radium Hot Springs,VL,2012,791
5901040,01040,Radium Hot Springs,VL,2013,785
5901040,01040,Radium Hot Springs,VL,2014,801
5901040,01040,Radium Hot Springs,VL,2015,845
5901040,01040,Radium Hot Springs,VL,2016,814
5901040,01040,Radium Hot Springs,VL,2017,934
5901040,01040,Radium Hot Springs,VL,2018,1011
5901040,01040,Radium Hot Springs,VL,2019,1142
5901040,01040,Radium Hot Springs,VL,2020,1255
5901040,01040,Radium Hot Springs,VL,2021,1392
5901040,01040,Radium Hot Springs,VL,2022,1421
5901040,01040,Radium Hot Springs,VL,2023,1454
5901040,01040,Radium Hot Springs,VL,2024,1479
5901040,01040,Radium Hot Springs,VL,2025,1489
5901006,01006,Sparwood,DM,2011,3745
5901006,01006,Sparwood,DM,2012,3848
5901006,01006,Sparwood,DM,2013,3855
5901006,01006,Sparwood,DM,2014,3960
5901006,01006,Sparwood,DM,2015,3970
5901006,01006,Sparwood,DM,2016,3946
5901006,01006,Sparwood,DM,2017,3995
5901006,01006,Sparwood,DM,2018,4106
5901006,01006,Sparwood,DM,2019,4193
5901006,01006,Sparwood,DM,2020,4230
5901006,01006,Sparwood,DM,2021,4345
5901006,01006,Sparwood,DM,2022,4455
5901006,01006,Sparwood,DM,2023,4428
5901006,01006,Sparwood,DM,2024,4449
5901006,01006,Sparwood,DM,2025,4486
5909052,09052,Abbotsford,CY,2011,136894
5909052,09052,Abbotsford,CY,2012,138403
5909052,09052,Abbotsford,CY,2013,140321
5909052,09052,Abbotsford,CY,2014,141891
5909052,09052,Abbotsford,CY,2015,144475
5909052,09052,Abbotsford,CY,2016,148121
5909052,09052,Abbotsford,CY,2017,150566
5909052,09052,Abbotsford,CY,2018,153940
5909052,09052,Abbotsford,CY,2019,157306
5909052,09052,Abbotsford,CY,2020,159139
5909052,09052,Abbotsford,CY,2021,160759
5909052,09052,Abbotsford,CY,2022,163767
5909052,09052,Abbotsford,CY,2023,168365
5909052,09052,Abbotsford,CY,2024,171949
5909052,09052,Abbotsford,CY,2025,175358
5909020,09020,Chilliwack,CY,2011,79707
5909020,09020,Chilliwack,CY,2012,80893
5909020,09020,Chilliwack,CY,2013,81945
5909020,09020,Chilliwack,CY,2014,83317
5909020,09020,Chilliwack,CY,2015,85026
5909020,09020,Chilliwack,CY,2016,87695
5909020,09020,Chilliwack,CY,2017,90126
5909020,09020,Chilliwack,CY,2018,92806
5909020,09020,Chilliwack,CY,2019,94560
5909020,09020,Chilliwack,CY,2020,95818
5909020,09020,Chilliwack,CY,2021,97222
5909020,09020,Chilliwack,CY,2022,98771
5909020,09020,Chilliwack,CY,2023,100303
5909020,09020,Chilliwack,CY,2024,103645
5909020,09020,Chilliwack,CY,2025,105520
5909027,09027,Harrison Hot Springs,VL,2011,1479
5909027,09027,Harrison Hot Springs,VL,2012,1438
5909027,09027,Harrison Hot Springs,VL,2013,1444
5909027,09027,Harrison Hot Springs,VL,2014,1478
5909027,09027,Harrison Hot Springs,VL,2015,1479
5909027,09027,Harrison Hot Springs,VL,2016,1525
5909027,09027,Harrison Hot Springs,VL,2017,1617
5909027,09027,Harrison Hot Springs,VL,2018,1717
5909027,09027,Harrison Hot Springs,VL,2019,1811
5909027,09027,Harrison Hot Springs,VL,2020,1889
5909027,09027,Harrison Hot Springs,VL,2021,1975
5909027,09027,Harrison Hot Springs,VL,2022,2017
5909027,09027,Harrison Hot Springs,VL,2023,2041
5909027,09027,Harrison Hot Springs,VL,2024,2105
5909027,09027,Harrison Hot Springs,VL,2025,2148
5909009,09009,Hope,DM,2011,6051
5909009,09009,Hope,DM,2012,6015
5909009,09009,Hope,DM,2013,6071
5909009,09009,Hope,DM,2014,6142
5909009,09009,Hope,DM,2015,6272
5909009,09009,Hope,DM,2016,6394
5909009,09009,Hope,DM,2017,6417
5909009,09009,Hope,DM,2018,6594
5909009,09009,Hope,DM,2019,6795
5909009,09009,Hope,DM,2020,6747
5909009,09009,Hope,DM,2021,6911
5909009,09009,Hope,DM,2022,6988
5909009,09009,Hope,DM,2023,6711
5909009,09009,Hope,DM,2024,7059
5909009,09009,Hope,DM,2025,7183
5909032,09032,Kent,DM,2011,5768
5909032,09032,Kent,DM,2012,5867
5909032,09032,Kent,DM,2013,5878
5909032,09032,Kent,DM,2014,6014
5909032,09032,Kent,DM,2015,6055
5909032,09032,Kent,DM,2016,6361
5909032,09032,Kent,DM,2017,6456
5909032,09032,Kent,DM,2018,6598
5909032,09032,Kent,DM,2019,6602
5909032,09032,Kent,DM,2020,6616
5909032,09032,Kent,DM,2021,6540
5909032,09032,Kent,DM,2022,6918
5909032,09032,Kent,DM,2023,6850
5909032,09032,Kent,DM,2024,7213
5909032,09032,Kent,DM,2025,7093
5909056,09056,Mission,DM,2011,37058
5909056,09056,Mission,DM,2012,37820
5909056,09056,Mission,DM,2013,37985
5909056,09056,Mission,DM,2014,38530
5909056,09056,Mission,DM,2015,39281
5909056,09056,Mission,DM,2016,40428
5909056,09056,Mission,DM,2017,41571
5909056,09056,Mission,DM,2018,42250
5909056,09056,Mission,DM,2019,42836
5909056,09056,Mission,DM,2020,42906
5909056,09056,Mission,DM,2021,43340
5909056,09056,Mission,DM,2022,43585
5909056,09056,Mission,DM,2023,45005
5909056,09056,Mission,DM,2024,46552
5909056,09056,Mission,DM,2025,47280
5953033,53033,Mackenzie,DM,2011,3595
5953033,53033,Mackenzie,DM,2012,3588
5953033,53033,Mackenzie,DM,2013,3708
5953033,53033,Mackenzie,DM,2014,3772
5953033,53033,Mackenzie,DM,2015,3825
5953033,53033,Mackenzie,DM,2016,3891
5953033,53033,Mackenzie,DM,2017,3809
5953033,53033,Mackenzie,DM,2018,3867
5953033,53033,Mackenzie,DM,2019,3866
5953033,53033,Mackenzie,DM,2020,3667
5953033,53033,Mackenzie,DM,2021,3389
5953033,53033,Mackenzie,DM,2022,3372
5953033,53033,Mackenzie,DM,2023,3375
5953033,53033,Mackenzie,DM,2024,3392
5953033,53033,Mackenzie,DM,2025,3442
5953012,53012,McBride,VL,2011,596
5953012,53012,McBride,VL,2012,602
5953012,53012,McBride,VL,2013,611
5953012,53012,McBride,VL,2014,618
5953012,53012,McBride,VL,2015,629
5953012,53012,McBride,VL,2016,637
5953012,53012,McBride,VL,2017,635
5953012,53012,McBride,VL,2018,633
5953012,53012,McBride,VL,2019,628
5953012,53012,McBride,VL,2020,620
5953012,53012,McBride,VL,2021,608
5953012,53012,McBride,VL,2022,614
5953012,53012,McBride,VL,2023,626
5953012,53012,McBride,VL,2024,639
5953012,53012,McBride,VL,2025,646
5953023,53023,Prince George,CY,2011,73733
5953023,53023,Prince George,CY,2012,74274
5953023,53023,Prince George,CY,2013,75247
5953023,53023,Prince George,CY,2014,75867
5953023,53023,Prince George,CY,2015,76448
5953023,53023,Prince George,CY,2016,77488
5953023,53023,Prince George,CY,2017,78301
5953023,53023,Prince George,CY,2018,79353
5953023,53023,Prince George,CY,2019,80195
5953023,53023,Prince George,CY,2020,80679
5953023,53023,Prince George,CY,2021,80259
5953023,53023,Prince George,CY,2022,81158
5953023,53023,Prince George,CY,2023,82805
5953023,53023,Prince George,CY,2024,84746
5953023,53023,Prince George,CY,2025,85944
5953007,53007,Valemount,VL,2011,1038
5953007,53007,Valemount,VL,2012,1038
5953007,53007,Valemount,VL,2013,1045
5953007,53007,Valemount,VL,2014,1049
5953007,53007,Valemount,VL,2015,1058
5953007,53007,Valemount,VL,2016,1063
5953007,53007,Valemount,VL,2017,1071
5953007,53007,Valemount,VL,2018,1121
5953007,53007,Valemount,VL,2019,1037
5953007,53007,Valemount,VL,2020,1095
5953007,53007,Valemount,VL,2021,1091
5953007,53007,Valemount,VL,2022,1087
5953007,53007,Valemount,VL,2023,1055
5953007,53007,Valemount,VL,2024,1051
5953007,53007,Valemount,VL,2025,1082
5949022,49022,Hazelton,VL,2011,305
5949022,49022,Hazelton,VL,2012,310
5949022,49022,Hazelton,VL,2013,316
5949022,49022,Hazelton,VL,2014,324
5949022,49022,Hazelton,VL,2015,325
5949022,49022,Hazelton,VL,2016,322
5949022,49022,Hazelton,VL,2017,315
5949022,49022,Hazelton,VL,2018,308
5949022,49022,Hazelton,VL,2019,306
5949022,49022,Hazelton,VL,2020,302
5949022,49022,Hazelton,VL,2021,300
5949022,49022,Hazelton,VL,2022,303
5949022,49022,Hazelton,VL,2023,309
5949022,49022,Hazelton,VL,2024,316
5949022,49022,Hazelton,VL,2025,321
5949005,49005,Kitimat,DM,2011,8452
5949005,49005,Kitimat,DM,2012,8358
5949005,49005,Kitimat,DM,2013,8501
5949005,49005,Kitimat,DM,2014,8561
5949005,49005,Kitimat,DM,2015,8475
5949005,49005,Kitimat,DM,2016,8483
5949005,49005,Kitimat,DM,2017,8447
5949005,49005,Kitimat,DM,2018,8386
5949005,49005,Kitimat,DM,2019,8401
5949005,49005,Kitimat,DM,2020,8479
5949005,49005,Kitimat,DM,2021,8603
5949005,49005,Kitimat,DM,2022,8593
5949005,49005,Kitimat,DM,2023,8927
5949005,49005,Kitimat,DM,2024,9146
5949005,49005,Kitimat,DM,2025,10019
5949024,49024,New Hazelton,DM,2011,675
5949024,49024,New Hazelton,DM,2012,662
5949024,49024,New Hazelton,DM,2013,650
5949024,49024,New Hazelton,DM,2014,641
5949024,49024,New Hazelton,DM,2015,623
5949024,49024,New Hazelton,DM,2016,600
5949024,49024,New Hazelton,DM,2017,602
5949024,49024,New Hazelton,DM,2018,604
5949024,49024,New Hazelton,DM,2019,610
5949024,49024,New Hazelton,DM,2020,617
5949024,49024,New Hazelton,DM,2021,625
5949024,49024,New Hazelton,DM,2022,629
5949024,49024,New Hazelton,DM,2023,641
5949024,49024,New Hazelton,DM,2024,655
5949024,49024,New Hazelton,DM,2025,666
5949032,49032,Stewart,DM,2011,497
5949032,49032,Stewart,DM,2012,496
5949032,49032,Stewart,DM,2013,478
5949032,49032,Stewart,DM,2014,444
5949032,49032,Stewart,DM,2015,431
5949032,49032,Stewart,DM,2016,419
5949032,49032,Stewart,DM,2017,440
5949032,49032,Stewart,DM,2018,463
5949032,49032,Stewart,DM,2019,487
5949032,49032,Stewart,DM,2020,512
5949032,49032,Stewart,DM,2021,539
5949032,49032,Stewart,DM,2022,554
5949032,49032,Stewart,DM,2023,514
5949032,49032,Stewart,DM,2024,514
5949032,49032,Stewart,DM,2025,515
5949011,49011,Terrace,CY,2011,11680
5949011,49011,Terrace,CY,2012,11816
5949011,49011,Terrace,CY,2013,11834
5949011,49011,Terrace,CY,2014,12030
5949011,49011,Terrace,CY,2015,12134
5949011,49011,Terrace,CY,2016,12105
5949011,49011,Terrace,CY,2017,12126
5949011,49011,Terrace,CY,2018,12226
5949011,49011,Terrace,CY,2019,12258
5949011,49011,Terrace,CY,2020,12533
5949011,49011,Terrace,CY,2021,12604
5949011,49011,Terrace,CY,2022,12745
5949011,49011,Terrace,CY,2023,13101
5949011,49011,Terrace,CY,2024,13568
5949011,49011,Terrace,CY,2025,13648
5905005,05005,Fruitvale,VL,2011,2039
5905005,05005,Fruitvale,VL,2012,2019
5905005,05005,Fruitvale,VL,2013,1993
5905005,05005,Fruitvale,VL,2014,1987
5905005,05005,Fruitvale,VL,2015,1975
5905005,05005,Fruitvale,VL,2016,1987
5905005,05005,Fruitvale,VL,2017,1993
5905005,05005,Fruitvale,VL,2018,2012
5905005,05005,Fruitvale,VL,2019,2019
5905005,05005,Fruitvale,VL,2020,2015
5905005,05005,Fruitvale,VL,2021,2033
5905005,05005,Fruitvale,VL,2022,2059
5905005,05005,Fruitvale,VL,2023,2065
5905005,05005,Fruitvale,VL,2024,2073
5905005,05005,Fruitvale,VL,2025,2068
5905032,05032,Grand Forks,CY,2011,4038
5905032,05032,Grand Forks,CY,2012,4047
5905032,05032,Grand Forks,CY,2013,4052
5905032,05032,Grand Forks,CY,2014,4082
5905032,05032,Grand Forks,CY,2015,4115
5905032,05032,Grand Forks,CY,2016,4166
5905032,05032,Grand Forks,CY,2017,4179
5905032,05032,Grand Forks,CY,2018,4208
5905032,05032,Grand Forks,CY,2019,4220
5905032,05032,Grand Forks,CY,2020,4201
5905032,05032,Grand Forks,CY,2021,4233
5905032,05032,Grand Forks,CY,2022,4275
5905032,05032,Grand Forks,CY,2023,4297
5905032,05032,Grand Forks,CY,2024,4314
5905032,05032,Grand Forks,CY,2025,4308
5905042,05042,Greenwood,CY,2011,705
5905042,05042,Greenwood,CY,2012,742
5905042,05042,Greenwood,CY,2013,706
5905042,05042,Greenwood,CY,2014,665
5905042,05042,Greenwood,CY,2015,689
5905042,05042,Greenwood,CY,2016,680
5905042,05042,Greenwood,CY,2017,687
5905042,05042,Greenwood,CY,2018,698
5905042,05042,Greenwood,CY,2019,705
5905042,05042,Greenwood,CY,2020,708
5905042,05042,Greenwood,CY,2021,718
5905042,05042,Greenwood,CY,2022,727
5905042,05042,Greenwood,CY,2023,729
5905042,05042,Greenwood,CY,2024,732
5905042,05042,Greenwood,CY,2025,730
5905037,05037,Midway,VL,2011,676
5905037,05037,Midway,VL,2012,657
5905037,05037,Midway,VL,2013,637
5905037,05037,Midway,VL,2014,607
5905037,05037,Midway,VL,2015,645
5905037,05037,Midway,VL,2016,664
5905037,05037,Midway,VL,2017,653
5905037,05037,Midway,VL,2018,666
5905037,05037,Midway,VL,2019,669
5905037,05037,Midway,VL,2020,664
5905037,05037,Midway,VL,2021,669
5905037,05037,Midway,VL,2022,671
5905037,05037,Midway,VL,2023,695
5905037,05037,Midway,VL,2024,674
5905037,05037,Midway,VL,2025,671
5905009,05009,Montrose,VL,2011,1037
5905009,05009,Montrose,VL,2012,1083
5905009,05009,Montrose,VL,2013,1092
5905009,05009,Montrose,VL,2014,1026
5905009,05009,Montrose,VL,2015,1007
5905009,05009,Montrose,VL,2016,1030
5905009,05009,Montrose,VL,2017,1032
5905009,05009,Montrose,VL,2018,1043
5905009,05009,Montrose,VL,2019,1046
5905009,05009,Montrose,VL,2020,1045
5905009,05009,Montrose,VL,2021,1055
5905009,05009,Montrose,VL,2022,1068
5905009,05009,Montrose,VL,2023,1071
5905009,05009,Montrose,VL,2024,1075
5905009,05009,Montrose,VL,2025,1072
5905023,05023,Rossland,CY,2011,3622
5905023,05023,Rossland,CY,2012,3682
5905023,05023,Rossland,CY,2013,3714
5905023,05023,Rossland,CY,2014,3804
5905023,05023,Rossland,CY,2015,3819
5905023,05023,Rossland,CY,2016,3908
5905023,05023,Rossland,CY,2017,3954
5905023,05023,Rossland,CY,2018,4041
5905023,05023,Rossland,CY,2019,4170
5905023,05023,Rossland,CY,2020,4159
5905023,05023,Rossland,CY,2021,4328
5905023,05023,Rossland,CY,2022,4335
5905023,05023,Rossland,CY,2023,4329
5905023,05023,Rossland,CY,2024,4326
5905023,05023,Rossland,CY,2025,4355
5905014,05014,Trail,CY,2011,7732
5905014,05014,Trail,CY,2012,7752
5905014,05014,Trail,CY,2013,7744
5905014,05014,Trail,CY,2014,7777
5905014,05014,Trail,CY,2015,7780
5905014,05014,Trail,CY,2016,7950
5905014,05014,Trail,CY,2017,8030
5905014,05014,Trail,CY,2018,8134
5905014,05014,Trail,CY,2019,8179
5905014,05014,Trail,CY,2020,8256
5905014,05014,Trail,CY,2021,8209
5905014,05014,Trail,CY,2022,8291
5905014,05014,Trail,CY,2023,8346
5905014,05014,Trail,CY,2024,8442
5905014,05014,Trail,CY,2025,8539
5905018,05018,Warfield,VL,2011,1729
5905018,05018,Warfield,VL,2012,1663
5905018,05018,Warfield,VL,2013,1662
5905018,05018,Warfield,VL,2014,1695
5905018,05018,Warfield,VL,2015,1694
5905018,05018,Warfield,VL,2016,1749
5905018,05018,Warfield,VL,2017,1743
5905018,05018,Warfield,VL,2018,1745
5905018,05018,Warfield,VL,2019,1734
5905018,05018,Warfield,VL,2020,1765
5905018,05018,Warfield,VL,2021,1830
5905018,05018,Warfield,VL,2022,1822
5905018,05018,Warfield,VL,2023,1761
5905018,05018,Warfield,VL,2024,1746
5905018,05018,Warfield,VL,2025,1729
5915038,15038,Anmore,VL,2011,2145
5915038,15038,Anmore,VL,2012,2224
5915038,15038,Anmore,VL,2013,2254
5915038,15038,Anmore,VL,2014,2303
5915038,15038,Anmore,VL,2015,2292
5915038,15038,Anmore,VL,2016,2316
5915038,15038,Anmore,VL,2017,2430
5915038,15038,Anmore,VL,2018,2419
5915038,15038,Anmore,VL,2019,2453
5915038,15038,Anmore,VL,2020,2452
5915038,15038,Anmore,VL,2021,2456
5915038,15038,Anmore,VL,2022,2527
5915038,15038,Anmore,VL,2023,2538
5915038,15038,Anmore,VL,2024,2577
5915038,15038,Anmore,VL,2025,2508
5915036,15036,Belcarra,VL,2011,655
5915036,15036,Belcarra,VL,2012,658
5915036,15036,Belcarra,VL,2013,674
5915036,15036,Belcarra,VL,2014,665
5915036,15036,Belcarra,VL,2015,647
5915036,15036,Belcarra,VL,2016,667
5915036,15036,Belcarra,VL,2017,686
5915036,15036,Belcarra,VL,2018,705
5915036,15036,Belcarra,VL,2019,686
5915036,15036,Belcarra,VL,2020,686
5915036,15036,Belcarra,VL,2021,710
5915036,15036,Belcarra,VL,2022,725
5915036,15036,Belcarra,VL,2023,735
5915036,15036,Belcarra,VL,2024,720
5915036,15036,Belcarra,VL,2025,702
5915062,15062,Bowen Island,IM,2011,3447
5915062,15062,Bowen Island,IM,2012,3614
5915062,15062,Bowen Island,IM,2013,3672
5915062,15062,Bowen Island,IM,2014,3699
5915062,15062,Bowen Island,IM,2015,3752
5915062,15062,Bowen Island,IM,2016,3827
5915062,15062,Bowen Island,IM,2017,4001
5915062,15062,Bowen Island,IM,2018,4128
5915062,15062,Bowen Island,IM,2019,4199
5915062,15062,Bowen Island,IM,2020,4229
5915062,15062,Bowen Island,IM,2021,4401
5915062,15062,Bowen Island,IM,2022,4427
5915062,15062,Bowen Island,IM,2023,4524
5915062,15062,Bowen Island,IM,2024,4613
5915062,15062,Bowen Island,IM,2025,4501
5915025,15025,Burnaby,CY,2011,229632
5915025,15025,Burnaby,CY,2012,233908
5915025,15025,Burnaby,CY,2013,236245
5915025,15025,Burnaby,CY,2014,240584
5915025,15025,Burnaby,CY,2015,240798
5915025,15025,Burnaby,CY,2016,244567
5915025,15025,Burnaby,CY,2017,246515
5915025,15025,Burnaby,CY,2018,250241
5915025,15025,Burnaby,CY,2019,255248
5915025,15025,Burnaby,CY,2020,258706
5915025,15025,Burnaby,CY,2021,261800
5915025,15025,Burnaby,CY,2022,271239
5915025,15025,Burnaby,CY,2023,283910
5915025,15025,Burnaby,CY,2024,296109
5915025,15025,Burnaby,CY,2025,299682
5915034,15034,Coquitlam,CY,2011,130540
5915034,15034,Coquitlam,CY,2012,134122
5915034,15034,Coquitlam,CY,2013,137870
5915034,15034,Coquitlam,CY,2014,141261
5915034,15034,Coquitlam,CY,2015,143552
5915034,15034,Coquitlam,CY,2016,146146
5915034,15034,Coquitlam,CY,2017,148351
5915034,15034,Coquitlam,CY,2018,149904
5915034,15034,Coquitlam,CY,2019,151619
5915034,15034,Coquitlam,CY,2020,153449
5915034,15034,Coquitlam,CY,2021,155554
5915034,15034,Coquitlam,CY,2022,160415
5915034,15034,Coquitlam,CY,2023,166491
5915034,15034,Coquitlam,CY,2024,172819
5915034,15034,Coquitlam,CY,2025,173599
5915011,15011,Delta,CY,2011,101845
5915011,15011,Delta,CY,2012,102749
5915011,15011,Delta,CY,2013,103604
5915011,15011,Delta,CY,2014,105025
5915011,15011,Delta,CY,2015,105366
5915011,15011,Delta,CY,2016,106585
5915011,15011,Delta,CY,2017,107643
5915011,15011,Delta,CY,2018,109488
5915011,15011,Delta,CY,2019,111043
5915011,15011,Delta,CY,2020,112454
5915011,15011,Delta,CY,2021,113091
5915011,15011,Delta,CY,2022,115592
5915011,15011,Delta,CY,2023,119651
5915011,15011,Delta,CY,2024,124168
5915011,15011,Delta,CY,2025,124670
5915002,15002,"Langley, City of",CY,2011,25724
5915002,15002,"Langley, City of",CY,2012,26215
5915002,15002,"Langley, City of",CY,2013,26549
5915002,15002,"Langley, City of",CY,2014,26654
5915002,15002,"Langley, City of",CY,2015,26476
5915002,15002,"Langley, City of",CY,2016,27160
5915002,15002,"Langley, City of",CY,2017,27877
5915002,15002,"Langley, City of",CY,2018,28411
5915002,15002,"Langley, City of",CY,2019,28882
5915002,15002,"Langley, City of",CY,2020,29510
5915002,15002,"Langley, City of",CY,2021,30333
5915002,15002,"Langley, City of",CY,2022,32141
5915002,15002,"Langley, City of",CY,2023,33482
5915002,15002,"Langley, City of",CY,2024,35334
5915002,15002,"Langley, City of",CY,2025,35444
5915001,15001,"Langley, District Municipality",DM,2011,106660
5915001,15001,"Langley, District Municipality",DM,2012,109593
5915001,15001,"Langley, District Municipality",DM,2013,112732
5915001,15001,"Langley, District Municipality",DM,2014,115782
5915001,15001,"Langley, District Municipality",DM,2015,118728
5915001,15001,"Langley, District Municipality",DM,2016,122977
5915001,15001,"Langley, District Municipality",DM,2017,126952
5915001,15001,"Langley, District Municipality",DM,2018,130658
5915001,15001,"Langley, District Municipality",DM,2019,133383
5915001,15001,"Langley, District Municipality",DM,2020,135885
5915001,15001,"Langley, District Municipality",DM,2021,138426
5915001,15001,"Langley, District Municipality",DM,2022,146351
5915001,15001,"Langley, District Municipality",DM,2023,153977
5915001,15001,"Langley, District Municipality",DM,2024,161841
5915001,15001,"Langley, District Municipality",DM,2025,163885
5915065,15065,Lions Bay,VL,2011,1337
5915065,15065,Lions Bay,VL,2012,1317
5915065,15065,Lions Bay,VL,2013,1291
5915065,15065,Lions Bay,VL,2014,1337
5915065,15065,Lions Bay,VL,2015,1370
5915065,15065,Lions Bay,VL,2016,1387
5915065,15065,Lions Bay,VL,2017,1400
5915065,15065,Lions Bay,VL,2018,1420
5915065,15065,Lions Bay,VL,2019,1428
5915065,15065,Lions Bay,VL,2020,1438
5915065,15065,Lions Bay,VL,2021,1432
5915065,15065,Lions Bay,VL,2022,1456
5915065,15065,Lions Bay,VL,2023,1459
5915065,15065,Lions Bay,VL,2024,1460
5915065,15065,Lions Bay,VL,2025,1375
5915075,15075,Maple Ridge,CY,2011,77918
5915075,15075,Maple Ridge,CY,2012,79171
5915075,15075,Maple Ridge,CY,2013,80026
5915075,15075,Maple Ridge,CY,2014,81649
5915075,15075,Maple Ridge,CY,2015,83193
5915075,15075,Maple Ridge,CY,2016,86404
5915075,15075,Maple Ridge,CY,2017,88950
5915075,15075,Maple Ridge,CY,2018,91556
5915075,15075,Maple Ridge,CY,2019,92390
5915075,15075,Maple Ridge,CY,2020,93115
5915075,15075,Maple Ridge,CY,2021,95107
5915075,15075,Maple Ridge,CY,2022,98559
5915075,15075,Maple Ridge,CY,2023,102080
5915075,15075,Maple Ridge,CY,2024,105820
5915075,15075,Maple Ridge,CY,2025,105925
5915029,15029,New Westminster,CY,2011,67949
5915029,15029,New Westminster,CY,2012,69662
5915029,15029,New Westminster,CY,2013,69476
5915029,15029,New Westminster,CY,2014,71695
5915029,15029,New Westminster,CY,2015,72708
5915029,15029,New Westminster,CY,2016,74761
5915029,15029,New Westminster,CY,2017,76197
5915029,15029,New Westminster,CY,2018,78120
5915029,15029,New Westminster,CY,2019,80087
5915029,15029,New Westminster,CY,2020,82118
5915029,15029,New Westminster,CY,2021,82943
5915029,15029,New Westminster,CY,2022,85319
5915029,15029,New Westminster,CY,2023,88207
5915029,15029,New Westminster,CY,2024,91798
5915029,15029,New Westminster,CY,2025,92124
5915051,15051,"North Vancouver, City of",CY,2011,49548
5915051,15051,"North Vancouver, City of",CY,2012,50437
5915051,15051,"North Vancouver, City of",CY,2013,51438
5915051,15051,"North Vancouver, City of",CY,2014,53084
5915051,15051,"North Vancouver, City of",CY,2015,54737
5915051,15051,"North Vancouver, City of",CY,2016,55512
5915051,15051,"North Vancouver, City of",CY,2017,56292
5915051,15051,"North Vancouver, City of",CY,2018,57624
5915051,15051,"North Vancouver, City of",CY,2019,58597
5915051,15051,"North Vancouver, City of",CY,2020,59618
5915051,15051,"North Vancouver, City of",CY,2021,60951
5915051,15051,"North Vancouver, City of",CY,2022,62818
5915051,15051,"North Vancouver, City of",CY,2023,64743
5915051,15051,"North Vancouver, City of",CY,2024,66901
5915051,15051,"North Vancouver, City of",CY,2025,66624
5915046,15046,"North Vancouver, District Municipality",DM,2011,85729
5915046,15046,"North Vancouver, District Municipality",DM,2012,86395
5915046,15046,"North Vancouver, District Municipality",DM,2013,87153
5915046,15046,"North Vancouver, District Municipality",DM,2014,87863
5915046,15046,"North Vancouver, District Municipality",DM,2015,87999
5915046,15046,"North Vancouver, District Municipality",DM,2016,89369
5915046,15046,"North Vancouver, District Municipality",DM,2017,89719
5915046,15046,"North Vancouver, District Municipality",DM,2018,90117
5915046,15046,"North Vancouver, District Municipality",DM,2019,90774
5915046,15046,"North Vancouver, District Municipality",DM,2020,91066
5915046,15046,"North Vancouver, District Municipality",DM,2021,91599
5915046,15046,"North Vancouver, District Municipality",DM,2022,93801
5915046,15046,"North Vancouver, District Municipality",DM,2023,96486
5915046,15046,"North Vancouver, District Municipality",DM,2024,98928
5915046,15046,"North Vancouver, District Municipality",DM,2025,97845
5915070,15070,Pitt Meadows,CY,2011,18176
5915070,15070,Pitt Meadows,CY,2012,18426
5915070,15070,Pitt Meadows,CY,2013,18617
5915070,15070,Pitt Meadows,CY,2014,18952
5915070,15070,Pitt Meadows,CY,2015,19142
5915070,15070,Pitt Meadows,CY,2016,19430
5915070,15070,Pitt Meadows,CY,2017,19790
5915070,15070,Pitt Meadows,CY,2018,19972
5915070,15070,Pitt Meadows,CY,2019,19983
5915070,15070,Pitt Meadows,CY,2020,19879
5915070,15070,Pitt Meadows,CY,2021,19919
5915070,15070,Pitt Meadows,CY,2022,20543
5915070,15070,Pitt Meadows,CY,2023,21067
5915070,15070,Pitt Meadows,CY,2024,21298
5915070,15070,Pitt Meadows,CY,2025,20892
5915039,15039,Port Coquitlam,CY,2011,57013
5915039,15039,Port Coquitlam,CY,2012,57829
5915039,15039,Port Coquitlam,CY,2013,58487
5915039,15039,Port Coquitlam,CY,2014,59373
5915039,15039,Port Coquitlam,CY,2015,60278
5915039,15039,Port Coquitlam,CY,2016,61522
5915039,15039,Port Coquitlam,CY,2017,62071
5915039,15039,Port Coquitlam,CY,2018,63165
5915039,15039,Port Coquitlam,CY,2019,64026
5915039,15039,Port Coquitlam,CY,2020,64181
5915039,15039,Port Coquitlam,CY,2021,64205
5915039,15039,Port Coquitlam,CY,2022,65463
5915039,15039,Port Coquitlam,CY,2023,67453
5915039,15039,Port Coquitlam,CY,2024,68894
5915039,15039,Port Coquitlam,CY,2025,67724
5915043,15043,Port Moody,CY,2011,33900
5915043,15043,Port Moody,CY,2012,34224
5915043,15043,Port Moody,CY,2013,34584
5915043,15043,Port Moody,CY,2014,35206
5915043,15043,Port Moody,CY,2015,35299
5915043,15043,Port Moody,CY,2016,35065
5915043,15043,Port Moody,CY,2017,34890
5915043,15043,Port Moody,CY,2018,35043
5915043,15043,Port Moody,CY,2019,35075
5915043,15043,Port Moody,CY,2020,34937
5915043,15043,Port Moody,CY,2021,34987
5915043,15043,Port Moody,CY,2022,36221
5915043,15043,Port Moody,CY,2023,37524
5915043,15043,Port Moody,CY,2024,38990
5915043,15043,Port Moody,CY,2025,38285
5915015,15015,Richmond,CY,2011,194973
5915015,15015,Richmond,CY,2012,197055
5915015,15015,Richmond,CY,2013,200441
5915015,15015,Richmond,CY,2014,203218
5915015,15015,Richmond,CY,2015,204463
5915015,15015,Richmond,CY,2016,207610
5915015,15015,Richmond,CY,2017,209599
5915015,15015,Richmond,CY,2018,212855
5915015,15015,Richmond,CY,2019,216794
5915015,15015,Richmond,CY,2020,218916
5915015,15015,Richmond,CY,2021,221178
5915015,15015,Richmond,CY,2022,228349
5915015,15015,Richmond,CY,2023,235936
5915015,15015,Richmond,CY,2024,242142
5915015,15015,Richmond,CY,2025,239584
5915004,15004,Surrey,CY,2011,482063
5915004,15004,Surrey,CY,2012,496869
5915004,15004,Surrey,CY,2013,508959
5915004,15004,Surrey,CY,2014,522467
5915004,15004,Surrey,CY,2015,530349
5915004,15004,Surrey,CY,2016,543495
5915004,15004,Surrey,CY,2017,553188
5915004,15004,Surrey,CY,2018,563844
5915004,15004,Surrey,CY,2019,578429
5915004,15004,Surrey,CY,2020,589554
5915004,15004,Surrey,CY,2021,597141
5915004,15004,Surrey,CY,2022,618908
5915004,15004,Surrey,CY,2023,652371
5915004,15004,Surrey,CY,2024,690159
5915004,15004,Surrey,CY,2025,703531
5915022,15022,Vancouver,CY,2011,622467
5915022,15022,Vancouver,CY,2012,632232
5915022,15022,Vancouver,CY,2013,642993
5915022,15022,Vancouver,CY,2014,653125
5915022,15022,Vancouver,CY,2015,656696
5915022,15022,Vancouver,CY,2016,664913
5915022,15022,Vancouver,CY,2017,670405
5915022,15022,Vancouver,CY,2018,679603
5915022,15022,Vancouver,CY,2019,694569
5915022,15022,Vancouver,CY,2020,701145
5915022,15022,Vancouver,CY,2021,696031
5915022,15022,Vancouver,CY,2022,708220
5915022,15022,Vancouver,CY,2023,732005
5915022,15022,Vancouver,CY,2024,748788
5915022,15022,Vancouver,CY,2025,740454
5915055,15055,West Vancouver,DM,2011,43238
5915055,15055,West Vancouver,DM,2012,43418
5915055,15055,West Vancouver,DM,2013,43652
5915055,15055,West Vancouver,DM,2014,43799
5915055,15055,West Vancouver,DM,2015,43769
5915055,15055,West Vancouver,DM,2016,43889
5915055,15055,West Vancouver,DM,2017,43957
5915055,15055,West Vancouver,DM,2018,44162
5915055,15055,West Vancouver,DM,2019,44636
5915055,15055,West Vancouver,DM,2020,45146
5915055,15055,West Vancouver,DM,2021,45539
5915055,15055,West Vancouver,DM,2022,46489
5915055,15055,West Vancouver,DM,2023,47507
5915055,15055,West Vancouver,DM,2024,48640
5915055,15055,West Vancouver,DM,2025,47929
5915007,15007,White Rock,CY,2011,19544
5915007,15007,White Rock,CY,2012,19705
5915007,15007,White Rock,CY,2013,19761
5915007,15007,White Rock,CY,2014,20143
5915007,15007,White Rock,CY,2015,20297
5915007,15007,White Rock,CY,2016,20643
5915007,15007,White Rock,CY,2017,21117
5915007,15007,White Rock,CY,2018,21638
5915007,15007,White Rock,CY,2019,21957
5915007,15007,White Rock,CY,2020,22240
5915007,15007,White Rock,CY,2021,22567
5915007,15007,White Rock,CY,2022,23524
5915007,15007,White Rock,CY,2023,24508
5915007,15007,White Rock,CY,2024,25229
5915007,15007,White Rock,CY,2025,25057
5943008,43008,Alert Bay,VL,2011,438
5943008,43008,Alert Bay,VL,2012,448
5943008,43008,Alert Bay,VL,2013,461
5943008,43008,Alert Bay,VL,2014,475
5943008,43008,Alert Bay,VL,2015,478
5943008,43008,Alert Bay,VL,2016,489
5943008,43008,Alert Bay,VL,2017,463
5943008,43008,Alert Bay,VL,2018,441
5943008,43008,Alert Bay,VL,2019,439
5943008,43008,Alert Bay,VL,2020,424
5943008,43008,Alert Bay,VL,2021,464
5943008,43008,Alert Bay,VL,2022,471
5943008,43008,Alert Bay,VL,2023,471
5943008,43008,Alert Bay,VL,2024,468
5943008,43008,Alert Bay,VL,2025,465
5943017,43017,Port Alice,VL,2011,808
5943017,43017,Port Alice,VL,2012,795
5943017,43017,Port Alice,VL,2013,796
5943017,43017,Port Alice,VL,2014,778
5943017,43017,Port Alice,VL,2015,711
5943017,43017,Port Alice,VL,2016,679
5943017,43017,Port Alice,VL,2017,654
5943017,43017,Port Alice,VL,2018,672
5943017,43017,Port Alice,VL,2019,690
5943017,43017,Port Alice,VL,2020,711
5943017,43017,Port Alice,VL,2021,763
5943017,43017,Port Alice,VL,2022,772
5943017,43017,Port Alice,VL,2023,772
5943017,43017,Port Alice,VL,2024,780
5943017,43017,Port Alice,VL,2025,789
5943023,43023,Port Hardy,DM,2011,4057
5943023,43023,Port Hardy,DM,2012,4204
5943023,43023,Port Hardy,DM,2013,4215
5943023,43023,Port Hardy,DM,2014,4244
5943023,43023,Port Hardy,DM,2015,4244
5943023,43023,Port Hardy,DM,2016,4252
5943023,43023,Port Hardy,DM,2017,4280
5943023,43023,Port Hardy,DM,2018,4183
5943023,43023,Port Hardy,DM,2019,4251
5943023,43023,Port Hardy,DM,2020,4065
5943023,43023,Port Hardy,DM,2021,4079
5943023,43023,Port Hardy,DM,2022,4166
5943023,43023,Port Hardy,DM,2023,4188
5943023,43023,Port Hardy,DM,2024,4169
5943023,43023,Port Hardy,DM,2025,4201
5943012,43012,Port McNeill,T,2011,2540
5943012,43012,Port McNeill,T,2012,2460
5943012,43012,Port McNeill,T,2013,2429
5943012,43012,Port McNeill,T,2014,2431
5943012,43012,Port McNeill,T,2015,2433
5943012,43012,Port McNeill,T,2016,2419
5943012,43012,Port McNeill,T,2017,2428
5943012,43012,Port McNeill,T,2018,2399
5943012,43012,Port McNeill,T,2019,2378
5943012,43012,Port McNeill,T,2020,2412
5943012,43012,Port McNeill,T,2021,2450
5943012,43012,Port McNeill,T,2022,2446
5943012,43012,Port McNeill,T,2023,2390
5943012,43012,Port McNeill,T,2024,2406
5943012,43012,Port McNeill,T,2025,2402
5921008,21008,Lantzville,DM,2011,3630
5921008,21008,Lantzville,DM,2012,3605
5921008,21008,Lantzville,DM,2013,3645
5921008,21008,Lantzville,DM,2014,3666
5921008,21008,Lantzville,DM,2015,3654
5921008,21008,Lantzville,DM,2016,3745
5921008,21008,Lantzville,DM,2017,3761
5921008,21008,Lantzville,DM,2018,3831
5921008,21008,Lantzville,DM,2019,3842
5921008,21008,Lantzville,DM,2020,3892
5921008,21008,Lantzville,DM,2021,3938
5921008,21008,Lantzville,DM,2022,4024
5921008,21008,Lantzville,DM,2023,4093
5921008,21008,Lantzville,DM,2024,4243
5921008,21008,Lantzville,DM,2025,4276
5921007,21007,Nanaimo,CY,2011,85582
5921007,21007,Nanaimo,CY,2012,86886
5921007,21007,Nanaimo,CY,2013,88257
5921007,21007,Nanaimo,CY,2014,90090
5921007,21007,Nanaimo,CY,2015,92142
5921007,21007,Nanaimo,CY,2016,94395
5921007,21007,Nanaimo,CY,2017,96728
5921007,21007,Nanaimo,CY,2018,98877
5921007,21007,Nanaimo,CY,2019,101172
5921007,21007,Nanaimo,CY,2020,102726
5921007,21007,Nanaimo,CY,2021,104022
5921007,21007,Nanaimo,CY,2022,106338
5921007,21007,Nanaimo,CY,2023,108228
5921007,21007,Nanaimo,CY,2024,110580
5921007,21007,Nanaimo,CY,2025,111845
5921018,21018,Parksville,CY,2011,12044
5921018,21018,Parksville,CY,2012,12152
5921018,21018,Parksville,CY,2013,12242
5921018,21018,Parksville,CY,2014,12233
5921018,21018,Parksville,CY,2015,12454
5921018,21018,Parksville,CY,2016,12799
5921018,21018,Parksville,CY,2017,13037
5921018,21018,Parksville,CY,2018,13209
5921018,21018,Parksville,CY,2019,13428
5921018,21018,Parksville,CY,2020,13558
5921018,21018,Parksville,CY,2021,14042
5921018,21018,Parksville,CY,2022,14288
5921018,21018,Parksville,CY,2023,14599
5921018,21018,Parksville,CY,2024,14966
5921018,21018,Parksville,CY,2025,15371
5921023,21023,Qualicum Beach,T,2011,8699
5921023,21023,Qualicum Beach,T,2012,8683
5921023,21023,Qualicum Beach,T,2013,8760
5921023,21023,Qualicum Beach,T,2014,8787
5921023,21023,Qualicum Beach,T,2015,8888
5921023,21023,Qualicum Beach,T,2016,9115
5921023,21023,Qualicum Beach,T,2017,9193
5921023,21023,Qualicum Beach,T,2018,9198
5921023,21023,Qualicum Beach,T,2019,9253
5921023,21023,Qualicum Beach,T,2020,9322
5921023,21023,Qualicum Beach,T,2021,9453
5921023,21023,Qualicum Beach,T,2022,9585
5921023,21023,Qualicum Beach,T,2023,9566
5921023,21023,Qualicum Beach,T,2024,9590
5921023,21023,Qualicum Beach,T,2025,9640
5947026,47026,Daajing Giids,VL,2011,952
5947026,47026,Daajing Giids,VL,2012,951
5947026,47026,Daajing Giids,VL,2013,938
5947026,47026,Daajing Giids,VL,2014,924
5947026,47026,Daajing Giids,VL,2015,915
5947026,47026,Daajing Giids,VL,2016,907
5947026,47026,Daajing Giids,VL,2017,962
5947026,47026,Daajing Giids,VL,2018,961
5947026,47026,Daajing Giids,VL,2019,964
5947026,47026,Daajing Giids,VL,2020,960
5947026,47026,Daajing Giids,VL,2021,984
5947026,47026,Daajing Giids,VL,2022,1002
5947026,47026,Daajing Giids,VL,2023,1053
5947026,47026,Daajing Giids,VL,2024,1058
5947026,47026,Daajing Giids,VL,2025,999
5947023,47023,Masset,VL,2011,894
5947023,47023,Masset,VL,2012,872
5947023,47023,Masset,VL,2013,856
5947023,47023,Masset,VL,2014,842
5947023,47023,Masset,VL,2015,826
5947023,47023,Masset,VL,2016,827
5947023,47023,Masset,VL,2017,823
5947023,47023,Masset,VL,2018,841
5947023,47023,Masset,VL,2019,822
5947023,47023,Masset,VL,2020,862
5947023,47023,Masset,VL,2021,869
5947023,47023,Masset,VL,2022,871
5947023,47023,Masset,VL,2023,903
5947023,47023,Masset,VL,2024,848
5947023,47023,Masset,VL,2025,914
5947030,47030,Port Clements,VL,2011,381
5947030,47030,Port Clements,VL,2012,340
5947030,47030,Port Clements,VL,2013,327
5947030,47030,Port Clements,VL,2014,297
5947030,47030,Port Clements,VL,2015,295
5947030,47030,Port Clements,VL,2016,293
5947030,47030,Port Clements,VL,2017,310
5947030,47030,Port Clements,VL,2018,327
5947030,47030,Port Clements,VL,2019,329
5947030,47030,Port Clements,VL,2020,350
5947030,47030,Port Clements,VL,2021,351
5947030,47030,Port Clements,VL,2022,351
5947030,47030,Port Clements,VL,2023,350
5947030,47030,Port Clements,VL,2024,353
5947030,47030,Port Clements,VL,2025,352
5947007,47007,Port Edward,DM,2011,550
5947007,47007,Port Edward,DM,2012,541
5947007,47007,Port Edward,DM,2013,543
5947007,47007,Port Edward,DM,2014,494
5947007,47007,Port Edward,DM,2015,495
5947007,47007,Port Edward,DM,2016,484
5947007,47007,Port Edward,DM,2017,452
5947007,47007,Port Edward,DM,2018,451
5947007,47007,Port Edward,DM,2019,441
5947007,47007,Port Edward,DM,2020,481
5947007,47007,Port Edward,DM,2021,491
5947007,47007,Port Edward,DM,2022,478
5947007,47007,Port Edward,DM,2023,462
5947007,47007,Port Edward,DM,2024,434
5947007,47007,Port Edward,DM,2025,442
5947012,47012,Prince Rupert,CY,2011,12704
5947012,47012,Prince Rupert,CY,2012,12712
5947012,47012,Prince Rupert,CY,2013,12689
5947012,47012,Prince Rupert,CY,2014,12737
5947012,47012,Prince Rupert,CY,2015,12712
5947012,47012,Prince Rupert,CY,2016,12707
5947012,47012,Prince Rupert,CY,2017,12805
5947012,47012,Prince Rupert,CY,2018,12839
5947012,47012,Prince Rupert,CY,2019,12848
5947012,47012,Prince Rupert,CY,2020,12800
5947012,47012,Prince Rupert,CY,2021,12895
5947012,47012,Prince Rupert,CY,2022,12859
5947012,47012,Prince Rupert,CY,2023,12782
5947012,47012,Prince Rupert,CY,2024,12936
5947012,47012,Prince Rupert,CY,2025,12903
5937028,37028,Armstrong,CY,2011,4907
5937028,37028,Armstrong,CY,2012,4962
5937028,37028,Armstrong,CY,2013,5004
5937028,37028,Armstrong,CY,2014,5100
5937028,37028,Armstrong,CY,2015,5182
5937028,37028,Armstrong,CY,2016,5300
5937028,37028,Armstrong,CY,2017,5235
5937028,37028,Armstrong,CY,2018,5413
5937028,37028,Armstrong,CY,2019,5446
5937028,37028,Armstrong,CY,2020,5422
5937028,37028,Armstrong,CY,2021,5499
5937028,37028,Armstrong,CY,2022,5658
5937028,37028,Armstrong,CY,2023,5662
5937028,37028,Armstrong,CY,2024,5619
5937028,37028,Armstrong,CY,2025,5643
5937010,37010,Coldstream,DM,2011,10463
5937010,37010,Coldstream,DM,2012,10640
5937010,37010,Coldstream,DM,2013,10636
5937010,37010,Coldstream,DM,2014,10766
5937010,37010,Coldstream,DM,2015,10908
5937010,37010,Coldstream,DM,2016,11056
5937010,37010,Coldstream,DM,2017,11220
5937010,37010,Coldstream,DM,2018,11237
5937010,37010,Coldstream,DM,2019,11311
5937010,37010,Coldstream,DM,2020,11413
5937010,37010,Coldstream,DM,2021,11576
5937010,37010,Coldstream,DM,2022,11585
5937010,37010,Coldstream,DM,2023,11624
5937010,37010,Coldstream,DM,2024,11452
5937010,37010,Coldstream,DM,2025,11380
5937033,37033,Enderby,CY,2011,2960
5937033,37033,Enderby,CY,2012,3018
5937033,37033,Enderby,CY,2013,2930
5937033,37033,Enderby,CY,2014,3015
5937033,37033,Enderby,CY,2015,3023
5937033,37033,Enderby,CY,2016,3057
5937033,37033,Enderby,CY,2017,3097
5937033,37033,Enderby,CY,2018,3019
5937033,37033,Enderby,CY,2019,3085
5937033,37033,Enderby,CY,2020,3163
5937033,37033,Enderby,CY,2021,3129
5937033,37033,Enderby,CY,2022,3201
5937033,37033,Enderby,CY,2023,3252
5937033,37033,Enderby,CY,2024,3278
5937033,37033,Enderby,CY,2025,3292
5937005,37005,Lumby,VL,2011,1764
5937005,37005,Lumby,VL,2012,1787
5937005,37005,Lumby,VL,2013,1802
5937005,37005,Lumby,VL,2014,1839
5937005,37005,Lumby,VL,2015,1874
5937005,37005,Lumby,VL,2016,1909
5937005,37005,Lumby,VL,2017,1959
5937005,37005,Lumby,VL,2018,2004
5937005,37005,Lumby,VL,2019,2053
5937005,37005,Lumby,VL,2020,2099
5937005,37005,Lumby,VL,2021,2145
5937005,37005,Lumby,VL,2022,2194
5937005,37005,Lumby,VL,2023,2229
5937005,37005,Lumby,VL,2024,2247
5937005,37005,Lumby,VL,2025,2257
5937024,37024,Spallumcheen,DM,2011,5113
5937024,37024,Spallumcheen,DM,2012,5133
5937024,37024,Spallumcheen,DM,2013,5181
5937024,37024,Spallumcheen,DM,2014,5189
5937024,37024,Spallumcheen,DM,2015,5179
5937024,37024,Spallumcheen,DM,2016,5302
5937024,37024,Spallumcheen,DM,2017,5467
5937024,37024,Spallumcheen,DM,2018,5420
5937024,37024,Spallumcheen,DM,2019,5474
5937024,37024,Spallumcheen,DM,2020,5432
5937024,37024,Spallumcheen,DM,2021,5490
5937024,37024,Spallumcheen,DM,2022,5713
5937024,37024,Spallumcheen,DM,2023,5780
5937024,37024,Spallumcheen,DM,2024,5819
5937024,37024,Spallumcheen,DM,2025,5843
5937014,37014,Vernon,CY,2011,38813
5937014,37014,Vernon,CY,2012,39278
5937014,37014,Vernon,CY,2013,39500
5937014,37014,Vernon,CY,2014,40226
5937014,37014,Vernon,CY,2015,40813
5937014,37014,Vernon,CY,2016,41677
5937014,37014,Vernon,CY,2017,42470
5937014,37014,Vernon,CY,2018,43203
5937014,37014,Vernon,CY,2019,44262
5937014,37014,Vernon,CY,2020,45343
5937014,37014,Vernon,CY,2021,46199
5937014,37014,Vernon,CY,2022,47249
5937014,37014,Vernon,CY,2023,48106
5937014,37014,Vernon,CY,2024,48920
5937014,37014,Vernon,CY,2025,49527
5959007,59007,Northern Rockies Regional Municipality,RGM,2011,5406
5959007,59007,Northern Rockies Regional Municipality,RGM,2012,5590
5959007,59007,Northern Rockies Regional Municipality,RGM,2013,5459
5959007,59007,Northern Rockies Regional Municipality,RGM,2014,5360
5959007,59007,Northern Rockies Regional Municipality,RGM,2015,5112
5959007,59007,Northern Rockies Regional Municipality,RGM,2016,4981
5959007,59007,Northern Rockies Regional Municipality,RGM,2017,4657
5959007,59007,Northern Rockies Regional Municipality,RGM,2018,4390
5959007,59007,Northern Rockies Regional Municipality,RGM,2019,4208
5959007,59007,Northern Rockies Regional Municipality,RGM,2020,4075
5959007,59007,Northern Rockies Regional Municipality,RGM,2021,4111
5959007,59007,Northern Rockies Regional Municipality,RGM,2022,4104
5959007,59007,Northern Rockies Regional Municipality,RGM,2023,4094
5959007,59007,Northern Rockies Regional Municipality,RGM,2024,4132
5959007,59007,Northern Rockies Regional Municipality,RGM,2025,4144
5907009,07009,Keremeos,VL,2011,1340
5907009,07009,Keremeos,VL,2012,1354
5907009,07009,Keremeos,VL,2013,1382
5907009,07009,Keremeos,VL,2014,1435
5907009,07009,Keremeos,VL,2015,1483
5907009,07009,Keremeos,VL,2016,1531
5907009,07009,Keremeos,VL,2017,1529
5907009,07009,Keremeos,VL,2018,1581
5907009,07009,Keremeos,VL,2019,1581
5907009,07009,Keremeos,VL,2020,1603
5907009,07009,Keremeos,VL,2021,1648
5907009,07009,Keremeos,VL,2022,1682
5907009,07009,Keremeos,VL,2023,1729
5907009,07009,Keremeos,VL,2024,1805
5907009,07009,Keremeos,VL,2025,1779
5907014,07014,Oliver,T,2011,4868
5907014,07014,Oliver,T,2012,4810
5907014,07014,Oliver,T,2013,4806
5907014,07014,Oliver,T,2014,4894
5907014,07014,Oliver,T,2015,4960
5907014,07014,Oliver,T,2016,5042
5907014,07014,Oliver,T,2017,5253
5907014,07014,Oliver,T,2018,5222
5907014,07014,Oliver,T,2019,5353
5907014,07014,Oliver,T,2020,5270
5907014,07014,Oliver,T,2021,5231
5907014,07014,Oliver,T,2022,5265
5907014,07014,Oliver,T,2023,5262
5907014,07014,Oliver,T,2024,5254
5907014,07014,Oliver,T,2025,5262
5907005,07005,Osoyoos,T,2011,4876
5907005,07005,Osoyoos,T,2012,4837
5907005,07005,Osoyoos,T,2013,4851
5907005,07005,Osoyoos,T,2014,4958
5907005,07005,Osoyoos,T,2015,5041
5907005,07005,Osoyoos,T,2016,5182
5907005,07005,Osoyoos,T,2017,5294
5907005,07005,Osoyoos,T,2018,5410
5907005,07005,Osoyoos,T,2019,5520
5907005,07005,Osoyoos,T,2020,5606
5907005,07005,Osoyoos,T,2021,5690
5907005,07005,Osoyoos,T,2022,5726
5907005,07005,Osoyoos,T,2023,5723
5907005,07005,Osoyoos,T,2024,5715
5907005,07005,Osoyoos,T,2025,5724
5907041,07041,Penticton,CY,2011,33385
5907041,07041,Penticton,CY,2012,33122
5907041,07041,Penticton,CY,2013,33344
5907041,07041,Penticton,CY,2014,33712
5907041,07041,Penticton,CY,2015,34245
5907041,07041,Penticton,CY,2016,34998
5907041,07041,Penticton,CY,2017,35704
5907041,07041,Penticton,CY,2018,36770
5907041,07041,Penticton,CY,2019,37462
5907041,07041,Penticton,CY,2020,37747
5907041,07041,Penticton,CY,2021,38115
5907041,07041,Penticton,CY,2022,38432
5907041,07041,Penticton,CY,2023,38453
5907041,07041,Penticton,CY,2024,38616
5907041,07041,Penticton,CY,2025,39068
5907024,07024,Princeton,T,2011,2747
5907024,07024,Princeton,T,2012,2843
5907024,07024,Princeton,T,2013,2788
5907024,07024,Princeton,T,2014,2819
5907024,07024,Princeton,T,2015,2841
5907024,07024,Princeton,T,2016,2934
5907024,07024,Princeton,T,2017,2813
5907024,07024,Princeton,T,2018,2819
5907024,07024,Princeton,T,2019,2807
5907024,07024,Princeton,T,2020,2993
5907024,07024,Princeton,T,2021,3000
5907024,07024,Princeton,T,2022,3066
5907024,07024,Princeton,T,2023,3098
5907024,07024,Princeton,T,2024,3133
5907024,07024,Princeton,T,2025,3050
5907035,07035,Summerland,DM,2011,11394
5907035,07035,Summerland,DM,2012,11409
5907035,07035,Summerland,DM,2013,11494
5907035,07035,Summerland,DM,2014,11758
5907035,07035,Summerland,DM,2015,11970
5907035,07035,Summerland,DM,2016,11936
5907035,07035,Summerland,DM,2017,12093
5907035,07035,Summerland,DM,2018,12128
5907035,07035,Summerland,DM,2019,12167
5907035,07035,Summerland,DM,2020,12259
5907035,07035,Summerland,DM,2021,12426
5907035,07035,Summerland,DM,2022,12522
5907035,07035,Summerland,DM,2023,12348
5907035,07035,Summerland,DM,2024,12371
5907035,07035,Summerland,DM,2025,12343
5955010,55010,Chetwynd,DM,2011,2709
5955010,55010,Chetwynd,DM,2012,2720
5955010,55010,Chetwynd,DM,2013,2720
5955010,55010,Chetwynd,DM,2014,2707
5955010,55010,Chetwynd,DM,2015,2659
5955010,55010,Chetwynd,DM,2016,2624
5955010,55010,Chetwynd,DM,2017,2582
5955010,55010,Chetwynd,DM,2018,2549
5955010,55010,Chetwynd,DM,2019,2512
5955010,55010,Chetwynd,DM,2020,2463
5955010,55010,Chetwynd,DM,2021,2420
5955010,55010,Chetwynd,DM,2022,2430
5955010,55010,Chetwynd,DM,2023,2443
5955010,55010,Chetwynd,DM,2024,2474
5955010,55010,Chetwynd,DM,2025,2484
5955014,55014,Dawson Creek,CY,2011,11901
5955014,55014,Dawson Creek,CY,2012,11990
5955014,55014,Dawson Creek,CY,2013,12124
5955014,55014,Dawson Creek,CY,2014,12392
5955014,55014,Dawson Creek,CY,2015,12511
5955014,55014,Dawson Creek,CY,2016,12804
5955014,55014,Dawson Creek,CY,2017,12923
5955014,55014,Dawson Creek,CY,2018,12911
5955014,55014,Dawson Creek,CY,2019,13011
5955014,55014,Dawson Creek,CY,2020,13101
5955014,55014,Dawson Creek,CY,2021,12910
5955014,55014,Dawson Creek,CY,2022,13086
5955014,55014,Dawson Creek,CY,2023,13254
5955014,55014,Dawson Creek,CY,2024,13637
5955014,55014,Dawson Creek,CY,2025,13635
5955034,55034,Fort St. John,CY,2011,19389
5955034,55034,Fort St. John,CY,2012,20175
5955034,55034,Fort St. John,CY,2013,20616
5955034,55034,Fort St. John,CY,2014,21115
5955034,55034,Fort St. John,CY,2015,21391
5955034,55034,Fort St. John,CY,2016,21374
5955034,55034,Fort St. John,CY,2017,21505
5955034,55034,Fort St. John,CY,2018,22037
5955034,55034,Fort St. John,CY,2019,22375
5955034,55034,Fort St. John,CY,2020,22564
5955034,55034,Fort St. John,CY,2021,22665
5955034,55034,Fort St. John,CY,2022,22835
5955034,55034,Fort St. John,CY,2023,23101
5955034,55034,Fort St. John,CY,2024,23797
5955034,55034,Fort St. John,CY,2025,24383
5955025,55025,Hudson's Hope,DM,2011,994
5955025,55025,Hudson's Hope,DM,2012,978
5955025,55025,Hudson's Hope,DM,2013,1023
5955025,55025,Hudson's Hope,DM,2014,1060
5955025,55025,Hudson's Hope,DM,2015,1020
5955025,55025,Hudson's Hope,DM,2016,1053
5955025,55025,Hudson's Hope,DM,2017,1040
5955025,55025,Hudson's Hope,DM,2018,1032
5955025,55025,Hudson's Hope,DM,2019,1022
5955025,55025,Hudson's Hope,DM,2020,1007
5955025,55025,Hudson's Hope,DM,2021,993
5955025,55025,Hudson's Hope,DM,2022,997
5955025,55025,Hudson's Hope,DM,2023,1002
5955025,55025,Hudson's Hope,DM,2024,1015
5955025,55025,Hudson's Hope,DM,2025,1019
5955005,55005,Pouce Coupe,VL,2011,756
5955005,55005,Pouce Coupe,VL,2012,777
5955005,55005,Pouce Coupe,VL,2013,794
5955005,55005,Pouce Coupe,VL,2014,809
5955005,55005,Pouce Coupe,VL,2015,820
5955005,55005,Pouce Coupe,VL,2016,826
5955005,55005,Pouce Coupe,VL,2017,819
5955005,55005,Pouce Coupe,VL,2018,815
5955005,55005,Pouce Coupe,VL,2019,810
5955005,55005,Pouce Coupe,VL,2020,801
5955005,55005,Pouce Coupe,VL,2021,793
5955005,55005,Pouce Coupe,VL,2022,796
5955005,55005,Pouce Coupe,VL,2023,800
5955005,55005,Pouce Coupe,VL,2024,810
5955005,55005,Pouce Coupe,VL,2025,813
5955030,55030,Taylor,DM,2011,1421
5955030,55030,Taylor,DM,2012,1460
5955030,55030,Taylor,DM,2013,1489
5955030,55030,Taylor,DM,2014,1513
5955030,55030,Taylor,DM,2015,1522
5955030,55030,Taylor,DM,2016,1538
5955030,55030,Taylor,DM,2017,1505
5955030,55030,Taylor,DM,2018,1478
5955030,55030,Taylor,DM,2019,1448
5955030,55030,Taylor,DM,2020,1413
5955030,55030,Taylor,DM,2021,1380
5955030,55030,Taylor,DM,2022,1384
5955030,55030,Taylor,DM,2023,1392
5955030,55030,Taylor,DM,2024,1410
5955030,55030,Taylor,DM,2025,1415
5955003,55003,Tumbler Ridge,DM,2011,2760
5955003,55003,Tumbler Ridge,DM,2012,2589
5955003,55003,Tumbler Ridge,DM,2013,2506
5955003,55003,Tumbler Ridge,DM,2014,2378
5955003,55003,Tumbler Ridge,DM,2015,2214
5955003,55003,Tumbler Ridge,DM,2016,2060
5955003,55003,Tumbler Ridge,DM,2017,2132
5955003,55003,Tumbler Ridge,DM,2018,2301
5955003,55003,Tumbler Ridge,DM,2019,2423
5955003,55003,Tumbler Ridge,DM,2020,2394
5955003,55003,Tumbler Ridge,DM,2021,2513
5955003,55003,Tumbler Ridge,DM,2022,2513
5955003,55003,Tumbler Ridge,DM,2023,2668
5955003,55003,Tumbler Ridge,DM,2024,2717
5955003,55003,Tumbler Ridge,DM,2025,2663
5927008,27008,Powell River,CY,2011,13273
5927008,27008,Powell River,CY,2012,13282
5927008,27008,Powell River,CY,2013,13357
5927008,27008,Powell River,CY,2014,13418
5927008,27008,Powell River,CY,2015,13344
5927008,27008,Powell River,CY,2016,13564
5927008,27008,Powell River,CY,2017,13727
5927008,27008,Powell River,CY,2018,13902
5927008,27008,Powell River,CY,2019,13997
5927008,27008,Powell River,CY,2020,14240
5927008,27008,Powell River,CY,2021,14392
5927008,27008,Powell River,CY,2022,14558
5927008,27008,Powell River,CY,2023,14793
5927008,27008,Powell River,CY,2024,14866
5927008,27008,Powell River,CY,2025,14947
5927806,27806,shíshálh Nation Gov Dist (Part-qathet),IGD,2011,22
5927806,27806,shíshálh Nation Gov Dist (Part-qathet),IGD,2012,22
5927806,27806,shíshálh Nation Gov Dist (Part-qathet),IGD,2013,21
5927806,27806,shíshálh Nation Gov Dist (Part-qathet),IGD,2014,21
5927806,27806,shíshálh Nation Gov Dist (Part-qathet),IGD,2015,21
5927806,27806,shíshálh Nation Gov Dist (Part-qathet),IGD,2016,21
5927806,27806,shíshálh Nation Gov Dist (Part-qathet),IGD,2017,21
5927806,27806,shíshálh Nation Gov Dist (Part-qathet),IGD,2018,21
5927806,27806,shíshálh Nation Gov Dist (Part-qathet),IGD,2019,21
5927806,27806,shíshálh Nation Gov Dist (Part-qathet),IGD,2020,21
5927806,27806,shíshálh Nation Gov Dist (Part-qathet),IGD,2021,21
5927806,27806,shíshálh Nation Gov Dist (Part-qathet),IGD,2022,21
5927806,27806,shíshálh Nation Gov Dist (Part-qathet),IGD,2023,21
5927806,27806,shíshálh Nation Gov Dist (Part-qathet),IGD,2024,21
5927806,27806,shíshálh Nation Gov Dist (Part-qathet),IGD,2025,21
5931026,31026,Lillooet,DM,2011,2347
5931026,31026,Lillooet,DM,2012,2356
5931026,31026,Lillooet,DM,2013,2345
5931026,31026,Lillooet,DM,2014,2338
5931026,31026,Lillooet,DM,2015,2298
5931026,31026,Lillooet,DM,2016,2361
5931026,31026,Lillooet,DM,2017,2383
5931026,31026,Lillooet,DM,2018,2365
5931026,31026,Lillooet,DM,2019,2351
5931026,31026,Lillooet,DM,2020,2376
5931026,31026,Lillooet,DM,2021,2383
5931026,31026,Lillooet,DM,2022,2332
5931026,31026,Lillooet,DM,2023,2398
5931026,31026,Lillooet,DM,2024,2255
5931026,31026,Lillooet,DM,2025,2065
5931012,31012,Pemberton,VL,2011,2508
5931012,31012,Pemberton,VL,2012,2537
5931012,31012,Pemberton,VL,2013,2573
5931012,31012,Pemberton,VL,2014,2632
5931012,31012,Pemberton,VL,2015,2617
5931012,31012,Pemberton,VL,2016,2730
5931012,31012,Pemberton,VL,2017,2926
5931012,31012,Pemberton,VL,2018,3069
5931012,31012,Pemberton,VL,2019,3246
5931012,31012,Pemberton,VL,2020,3365
5931012,31012,Pemberton,VL,2021,3622
5931012,31012,Pemberton,VL,2022,3746
5931012,31012,Pemberton,VL,2023,3759
5931012,31012,Pemberton,VL,2024,3770
5931012,31012,Pemberton,VL,2025,3620
5931006,31006,Squamish,DM,2011,17642
5931006,31006,Squamish,DM,2012,18378
5931006,31006,Squamish,DM,2013,18851
5931006,31006,Squamish,DM,2014,19286
5931006,31006,Squamish,DM,2015,19515
5931006,31006,Squamish,DM,2016,20579
5931006,31006,Squamish,DM,2017,21422
5931006,31006,Squamish,DM,2018,22017
5931006,31006,Squamish,DM,2019,22604
5931006,31006,Squamish,DM,2020,23631
5931006,31006,Squamish,DM,2021,25063
5931006,31006,Squamish,DM,2022,25502
5931006,31006,Squamish,DM,2023,26454
5931006,31006,Squamish,DM,2024,27574
5931006,31006,Squamish,DM,2025,28578
5931020,31020,Whistler,DM,2011,10232
5931020,31020,Whistler,DM,2012,10542
5931020,31020,Whistler,DM,2013,10887
5931020,31020,Whistler,DM,2014,11457
5931020,31020,Whistler,DM,2015,11810
5931020,31020,Whistler,DM,2016,12622
5931020,31020,Whistler,DM,2017,13322
5931020,31020,Whistler,DM,2018,13999
5931020,31020,Whistler,DM,2019,14924
5931020,31020,Whistler,DM,2020,15446
5931020,31020,Whistler,DM,2021,14771
5931020,31020,Whistler,DM,2022,15276
5931020,31020,Whistler,DM,2023,15859
5931020,31020,Whistler,DM,2024,15854
5931020,31020,Whistler,DM,2025,15090
5924034,24034,Campbell River,CY,2011,32106
5924034,24034,Campbell River,CY,2012,32205
5924034,24034,Campbell River,CY,2013,32531
5924034,24034,Campbell River,CY,2014,33001
5924034,24034,Campbell River,CY,2015,33534
5924034,24034,Campbell River,CY,2016,34302
5924034,24034,Campbell River,CY,2017,34830
5924034,24034,Campbell River,CY,2018,35545
5924034,24034,Campbell River,CY,2019,35963
5924034,24034,Campbell River,CY,2020,36383
5924034,24034,Campbell River,CY,2021,36872
5924034,24034,Campbell River,CY,2022,37585
5924034,24034,Campbell River,CY,2023,37827
5924034,24034,Campbell River,CY,2024,38150
5924034,24034,Campbell River,CY,2025,38300
5924025,24025,Gold River,VL,2011,1279
5924025,24025,Gold River,VL,2012,1338
5924025,24025,Gold River,VL,2013,1319
5924025,24025,Gold River,VL,2014,1285
5924025,24025,Gold River,VL,2015,1256
5924025,24025,Gold River,VL,2016,1246
5924025,24025,Gold River,VL,2017,1267
5924025,24025,Gold River,VL,2018,1251
5924025,24025,Gold River,VL,2019,1278
5924025,24025,Gold River,VL,2020,1286
5924025,24025,Gold River,VL,2021,1286
5924025,24025,Gold River,VL,2022,1316
5924025,24025,Gold River,VL,2023,1289
5924025,24025,Gold River,VL,2024,1301
5924025,24025,Gold River,VL,2025,1339
5924039,24039,Sayward,VL,2011,320
5924039,24039,Sayward,VL,2012,292
5924039,24039,Sayward,VL,2013,277
5924039,24039,Sayward,VL,2014,292
5924039,24039,Sayward,VL,2015,291
5924039,24039,Sayward,VL,2016,325
5924039,24039,Sayward,VL,2017,342
5924039,24039,Sayward,VL,2018,360
5924039,24039,Sayward,VL,2019,375
5924039,24039,Sayward,VL,2020,366
5924039,24039,Sayward,VL,2021,346
5924039,24039,Sayward,VL,2022,320
5924039,24039,Sayward,VL,2023,322
5924039,24039,Sayward,VL,2024,324
5924039,24039,Sayward,VL,2025,329
5924030,24030,Tahsis,VL,2011,317
5924030,24030,Tahsis,VL,2012,330
5924030,24030,Tahsis,VL,2013,322
5924030,24030,Tahsis,VL,2014,283
5924030,24030,Tahsis,VL,2015,275
5924030,24030,Tahsis,VL,2016,257
5924030,24030,Tahsis,VL,2017,280
5924030,24030,Tahsis,VL,2018,320
5924030,24030,Tahsis,VL,2019,357
5924030,24030,Tahsis,VL,2020,391
5924030,24030,Tahsis,VL,2021,401
5924030,24030,Tahsis,VL,2022,412
5924030,24030,Tahsis,VL,2023,381
5924030,24030,Tahsis,VL,2024,393
5924030,24030,Tahsis,VL,2025,418
5924029,24029,Zeballos,VL,2011,127
5924029,24029,Zeballos,VL,2012,123
5924029,24029,Zeballos,VL,2013,118
5924029,24029,Zeballos,VL,2014,115
5924029,24029,Zeballos,VL,2015,111
5924029,24029,Zeballos,VL,2016,111
5924029,24029,Zeballos,VL,2017,116
5924029,24029,Zeballos,VL,2018,120
5924029,24029,Zeballos,VL,2019,123
5924029,24029,Zeballos,VL,2020,127
5924029,24029,Zeballos,VL,2021,130
5924029,24029,Zeballos,VL,2022,133
5924029,24029,Zeballos,VL,2023,134
5924029,24029,Zeballos,VL,2024,135
5924029,24029,Zeballos,VL,2025,136
5929005,29005,Gibsons,T,2011,4502
5929005,29005,Gibsons,T,2012,4489
5929005,29005,Gibsons,T,2013,4546
5929005,29005,Gibsons,T,2014,4698
5929005,29005,Gibsons,T,2015,4687
5929005,29005,Gibsons,T,2016,4743
5929005,29005,Gibsons,T,2017,4832
5929005,29005,Gibsons,T,2018,4891
5929005,29005,Gibsons,T,2019,4843
5929005,29005,Gibsons,T,2020,4877
5929005,29005,Gibsons,T,2021,4909
5929005,29005,Gibsons,T,2022,4860
5929005,29005,Gibsons,T,2023,4948
5929005,29005,Gibsons,T,2024,5111
5929005,29005,Gibsons,T,2025,5090
5929011,29011,Sechelt District Municipality,DM,2011,9368
5929011,29011,Sechelt District Municipality,DM,2012,9539
5929011,29011,Sechelt District Municipality,DM,2013,9588
5929011,29011,Sechelt District Municipality,DM,2014,9824
5929011,29011,Sechelt District Municipality,DM,2015,10102
5929011,29011,Sechelt District Municipality,DM,2016,10511
5929011,29011,Sechelt District Municipality,DM,2017,10670
5929011,29011,Sechelt District Municipality,DM,2018,10826
5929011,29011,Sechelt District Municipality,DM,2019,10871
5929011,29011,Sechelt District Municipality,DM,2020,11074
5929011,29011,Sechelt District Municipality,DM,2021,11145
5929011,29011,Sechelt District Municipality,DM,2022,11369
5929011,29011,Sechelt District Municipality,DM,2023,11321
5929011,29011,Sechelt District Municipality,DM,2024,11470
5929011,29011,Sechelt District Municipality,DM,2025,11558
5929803,29803,shíshálh Nation Gov Dist (Part-Sunshine Coast),IGD,2011,806
5929803,29803,shíshálh Nation Gov Dist (Part-Sunshine Coast),IGD,2012,784
5929803,29803,shíshálh Nation Gov Dist (Part-Sunshine Coast),IGD,2013,732
5929803,29803,shíshálh Nation Gov Dist (Part-Sunshine Coast),IGD,2014,770
5929803,29803,shíshálh Nation Gov Dist (Part-Sunshine Coast),IGD,2015,742
5929803,29803,shíshálh Nation Gov Dist (Part-Sunshine Coast),IGD,2016,696
5929803,29803,shíshálh Nation Gov Dist (Part-Sunshine Coast),IGD,2017,709
5929803,29803,shíshálh Nation Gov Dist (Part-Sunshine Coast),IGD,2018,724
5929803,29803,shíshálh Nation Gov Dist (Part-Sunshine Coast),IGD,2019,736
5929803,29803,shíshálh Nation Gov Dist (Part-Sunshine Coast),IGD,2020,729
5929803,29803,shíshálh Nation Gov Dist (Part-Sunshine Coast),IGD,2021,773
5929803,29803,shíshálh Nation Gov Dist (Part-Sunshine Coast),IGD,2022,785
5929803,29803,shíshálh Nation Gov Dist (Part-Sunshine Coast),IGD,2023,790
5929803,29803,shíshálh Nation Gov Dist (Part-Sunshine Coast),IGD,2024,800
5929803,29803,shíshálh Nation Gov Dist (Part-Sunshine Coast),IGD,2025,806
5933019,33019,Ashcroft,VL,2011,1646
5933019,33019,Ashcroft,VL,2012,1582
5933019,33019,Ashcroft,VL,2013,1663
5933019,33019,Ashcroft,VL,2014,1624
5933019,33019,Ashcroft,VL,2015,1544
5933019,33019,Ashcroft,VL,2016,1608
5933019,33019,Ashcroft,VL,2017,1697
5933019,33019,Ashcroft,VL,2018,1631
5933019,33019,Ashcroft,VL,2019,1639
5933019,33019,Ashcroft,VL,2020,1686
5933019,33019,Ashcroft,VL,2021,1705
5933019,33019,Ashcroft,VL,2022,1737
5933019,33019,Ashcroft,VL,2023,1730
5933019,33019,Ashcroft,VL,2024,1720
5933019,33019,Ashcroft,VL,2025,1744
5933074,33074,Barriere,DM,2011,1788
5933074,33074,Barriere,DM,2012,1777
5933074,33074,Barriere,DM,2013,1771
5933074,33074,Barriere,DM,2014,1765
5933074,33074,Barriere,DM,2015,1761
5933074,33074,Barriere,DM,2016,1767
5933074,33074,Barriere,DM,2017,1784
5933074,33074,Barriere,DM,2018,1813
5933074,33074,Barriere,DM,2019,1821
5933074,33074,Barriere,DM,2020,1820
5933074,33074,Barriere,DM,2021,1816
5933074,33074,Barriere,DM,2022,1856
5933074,33074,Barriere,DM,2023,1892
5933074,33074,Barriere,DM,2024,1917
5933074,33074,Barriere,DM,2025,1913
5933024,33024,Cache Creek,VL,2011,1048
5933024,33024,Cache Creek,VL,2012,1033
5933024,33024,Cache Creek,VL,2013,1023
5933024,33024,Cache Creek,VL,2014,1010
5933024,33024,Cache Creek,VL,2015,995
5933024,33024,Cache Creek,VL,2016,994
5933024,33024,Cache Creek,VL,2017,998
5933024,33024,Cache Creek,VL,2018,1011
5933024,33024,Cache Creek,VL,2019,1010
5933024,33024,Cache Creek,VL,2020,1005
5933024,33024,Cache Creek,VL,2021,999
5933024,33024,Cache Creek,VL,2022,1021
5933024,33024,Cache Creek,VL,2023,1041
5933024,33024,Cache Creek,VL,2024,1055
5933024,33024,Cache Creek,VL,2025,1053
5933054,33054,Chase,VL,2011,2510
5933054,33054,Chase,VL,2012,2467
5933054,33054,Chase,VL,2013,2433
5933054,33054,Chase,VL,2014,2394
5933054,33054,Chase,VL,2015,2352
5933054,33054,Chase,VL,2016,2347
5933054,33054,Chase,VL,2017,2379
5933054,33054,Chase,VL,2018,2428
5933054,33054,Chase,VL,2019,2448
5933054,33054,Chase,VL,2020,2457
5933054,33054,Chase,VL,2021,2459
5933054,33054,Chase,VL,2022,2514
5933054,33054,Chase,VL,2023,2562
5933054,33054,Chase,VL,2024,2596
5933054,33054,Chase,VL,2025,2591
5933067,33067,Clearwater,DM,2011,2358
5933067,33067,Clearwater,DM,2012,2357
5933067,33067,Clearwater,DM,2013,2362
5933067,33067,Clearwater,DM,2014,2368
5933067,33067,Clearwater,DM,2015,2377
5933067,33067,Clearwater,DM,2016,2417
5933067,33067,Clearwater,DM,2017,2432
5933067,33067,Clearwater,DM,2018,2390
5933067,33067,Clearwater,DM,2019,2390
5933067,33067,Clearwater,DM,2020,2425
5933067,33067,Clearwater,DM,2021,2462
5933067,33067,Clearwater,DM,2022,2475
5933067,33067,Clearwater,DM,2023,2447
5933067,33067,Clearwater,DM,2024,2553
5933067,33067,Clearwater,DM,2025,2500
5933028,33028,Clinton,VL,2011,638
5933028,33028,Clinton,VL,2012,618
5933028,33028,Clinton,VL,2013,602
5933028,33028,Clinton,VL,2014,624
5933028,33028,Clinton,VL,2015,647
5933028,33028,Clinton,VL,2016,663
5933028,33028,Clinton,VL,2017,623
5933028,33028,Clinton,VL,2018,672
5933028,33028,Clinton,VL,2019,680
5933028,33028,Clinton,VL,2020,652
5933028,33028,Clinton,VL,2021,659
5933028,33028,Clinton,VL,2022,646
5933028,33028,Clinton,VL,2023,698
5933028,33028,Clinton,VL,2024,682
5933028,33028,Clinton,VL,2025,707
5933042,33042,Kamloops,CY,2011,87635
5933042,33042,Kamloops,CY,2012,88636
5933042,33042,Kamloops,CY,2013,89815
5933042,33042,Kamloops,CY,2014,90972
5933042,33042,Kamloops,CY,2015,92185
5933042,33042,Kamloops,CY,2016,94487
5933042,33042,Kamloops,CY,2017,96339
5933042,33042,Kamloops,CY,2018,99068
5933042,33042,Kamloops,CY,2019,100625
5933042,33042,Kamloops,CY,2020,101764
5933042,33042,Kamloops,CY,2021,102271
5933042,33042,Kamloops,CY,2022,104468
5933042,33042,Kamloops,CY,2023,106809
5933042,33042,Kamloops,CY,2024,108652
5933042,33042,Kamloops,CY,2025,108793
5933035,33035,Logan Lake,DM,2011,2085
5933035,33035,Logan Lake,DM,2012,2032
5933035,33035,Logan Lake,DM,2013,1965
5933035,33035,Logan Lake,DM,2014,2000
5933035,33035,Logan Lake,DM,2015,2055
5933035,33035,Logan Lake,DM,2016,2048
5933035,33035,Logan Lake,DM,2017,2115
5933035,33035,Logan Lake,DM,2018,2180
5933035,33035,Logan Lake,DM,2019,2183
5933035,33035,Logan Lake,DM,2020,2290
5933035,33035,Logan Lake,DM,2021,2325
5933035,33035,Logan Lake,DM,2022,2384
5933035,33035,Logan Lake,DM,2023,2365
5933035,33035,Logan Lake,DM,2024,2347
5933035,33035,Logan Lake,DM,2025,2337
5933015,33015,Lytton,VL,2011,231
5933015,33015,Lytton,VL,2012,233
5933015,33015,Lytton,VL,2013,236
5933015,33015,Lytton,VL,2014,240
5933015,33015,Lytton,VL,2015,247
5933015,33015,Lytton,VL,2016,256
5933015,33015,Lytton,VL,2017,250
5933015,33015,Lytton,VL,2018,244
5933015,33015,Lytton,VL,2019,235
5933015,33015,Lytton,VL,2020,225
5933015,33015,Lytton,VL,2021,216
5933015,33015,Lytton,VL,2022,221
5933015,33015,Lytton,VL,2023,225
5933015,33015,Lytton,VL,2024,228
5933015,33015,Lytton,VL,2025,228
5933006,33006,Merritt,CY,2011,7246
5933006,33006,Merritt,CY,2012,7206
5933006,33006,Merritt,CY,2013,7395
5933006,33006,Merritt,CY,2014,7371
5933006,33006,Merritt,CY,2015,7374
5933006,33006,Merritt,CY,2016,7394
5933006,33006,Merritt,CY,2017,7383
5933006,33006,Merritt,CY,2018,7441
5933006,33006,Merritt,CY,2019,7525
5933006,33006,Merritt,CY,2020,7389
5933006,33006,Merritt,CY,2021,7330
5933006,33006,Merritt,CY,2022,7270
5933006,33006,Merritt,CY,2023,7247
5933006,33006,Merritt,CY,2024,7310
5933006,33006,Merritt,CY,2025,7190
5933045,33045,Sun Peaks Mountain,VL,2011,383
5933045,33045,Sun Peaks Mountain,VL,2012,441
5933045,33045,Sun Peaks Mountain,VL,2013,494
5933045,33045,Sun Peaks Mountain,VL,2014,588
5933045,33045,Sun Peaks Mountain,VL,2015,617
5933045,33045,Sun Peaks Mountain,VL,2016,680
5933045,33045,Sun Peaks Mountain,VL,2017,836
5933045,33045,Sun Peaks Mountain,VL,2018,1028
5933045,33045,Sun Peaks Mountain,VL,2019,1227
5933045,33045,Sun Peaks Mountain,VL,2020,1364
5933045,33045,Sun Peaks Mountain,VL,2021,1467
5933045,33045,Sun Peaks Mountain,VL,2022,1499
5933045,33045,Sun Peaks Mountain,VL,2023,1528
5933045,33045,Sun Peaks Mountain,VL,2024,1549
5933045,33045,Sun Peaks Mountain,VL,2025,1546
